smiles_clean,valid,comment,n_reos_warnings,inchi,label_raw,id,split
COc1ccc(C(=O)N(C)C)cc1,True,(),0,"InChI=1S/C10H13NO2/c1-11(2)10(12)8-4-6-9(13-3)7-5-8/h4-7H,1-3H3",-11.01,"4-methoxy-N,N-dimethyl-benzamide",train
CS(=O)(=O)Cl,True,(),0,"InChI=1S/CH3ClO2S/c1-5(2,3)4/h1H3",-4.87,methanesulfonyl chloride,train
CCCCCCCO,True,Aliphatic long chain,1,"InChI=1S/C7H16O/c1-2-3-4-5-6-7-8/h8H,2-7H2,1H3",-4.21,heptan-1-ol,train
Cc1cc(C)cc(O)c1,True,(),0,"InChI=1S/C8H10O/c1-6-3-7(2)5-8(9)4-6/h3-5,9H,1-2H3",-6.27,"3,5-dimethylphenol",train
CC(C)C(C)C,True,(),0,"InChI=1S/C6H14/c1-5(2)6(3)4/h5-6H,1-4H3",2.34,"2,3-dimethylbutane",train
CCCC(C)(C)O,True,(),0,"InChI=1S/C6H14O/c1-4-5-6(2,3)7/h7H,4-5H2,1-3H3",-3.92,2-methylpentan-2-ol,train
CC[C@H](C)O,True,(),0,"InChI=1S/C4H10O/c1-3-4(2)5/h4-5H,3H2,1-2H3/t4-/m0/s1",-4.62,butan-2-ol,train
BrCBr,True,alkyl halide,1,InChI=1S/CH2Br2/c2-1-3/h1H2,-1.96,dibromomethane,train
CC[C@@H](O)C(C)C,True,(),0,"InChI=1S/C6H14O/c1-4-6(7)5(2)3/h5-7H,4H2,1-3H3/t6-/m1/s1",-3.88,2-methylpentan-3-ol,train
CCc1ccccn1,True,(),0,"InChI=1S/C7H9N/c1-2-7-5-3-4-6-8-7/h3-6H,2H2,1H3",-4.33,2-ethylpyridine,train
CCCCC(=O)OCC,True,(),0,"InChI=1S/C7H14O2/c1-3-5-6-7(8)9-4-2/h3-6H2,1-2H3",-2.49,ethyl pentanoate,train
CC(C)=CCC/C(C)=C\CO,True,isolated alkene,1,"InChI=1S/C10H18O/c1-9(2)5-4-6-10(3)7-8-11/h5,7,11H,4,6,8H2,1-3H3/b10-7-",-4.78,"(2Z)-3,7-dimethylocta-2,6-dien-1-ol",train
Oc1ccc(Br)cc1,True,(),0,"InChI=1S/C6H5BrO/c7-5-1-3-6(8)4-2-5/h1-4,8H",-5.85,4-bromophenol,train
CCCC(C)(C)C,True,(),0,"InChI=1S/C7H16/c1-5-6-7(2,3)4/h5-6H2,1-4H3",2.88,"2,2-dimethylpentane",train
CC(=O)OCCOC(C)=O,True,Aliphatic long chain,1,"InChI=1S/C6H10O4/c1-5(7)9-3-4-10-6(2)8/h3-4H2,1-2H3",-6.34,2-acetoxyethyl acetate,train
CCOP(=S)(OCC)SCSP(=S)(OCC)OCC,True,"het-C-het not in ring, phosphor",2,"InChI=1S/C9H22O4P2S4/c1-5-10-14(16,11-6-2)18-9-19-15(17,12-7-3)13-8-4/h5-9H2,1-4H3",-6.1,ethion,train
OC1CCCCCC1,True,(),0,"InChI=1S/C7H14O/c8-7-5-3-1-2-4-6-7/h7-8H,1-6H2",-5.48,cycloheptanol,train
COC(=O)C1CC1,True,(),0,"InChI=1S/C5H8O2/c1-7-5(6)4-2-3-4/h4H,2-3H2,1H3",-4.1,methyl cyclopropanecarboxylate,train
N#Cc1ccccc1,True,(),0,InChI=1S/C7H5N/c8-6-7-4-2-1-3-5-7/h1-5H,-4.1,benzonitrile,train
CCCCC#N,True,Aliphatic long chain,1,"InChI=1S/C5H9N/c1-2-3-4-5-6/h2-4H2,1H3",-3.52,pentanenitrile,train
CC(C)(C)O,True,(),0,"InChI=1S/C4H10O/c1-4(2,3)5/h5H,1-3H3",-4.47,2-methylpropan-2-ol,train
CC(C)C(=O)C(C)C,True,(),0,"InChI=1S/C7H14O/c1-5(2)7(8)6(3)4/h5-6H,1-4H3",-2.74,"2,4-dimethylpentan-3-one",train
CCC=O,True,aldehyde,1,"InChI=1S/C3H6O/c1-2-3-4/h3H,2H2,1H3",-3.43,propanal,train
CN(C)C=O,True,aldehyde,1,"InChI=1S/C3H7NO/c1-4(2)3-5/h3H,1-2H3",-7.81,"N,N-dimethylformamide",train
Cc1ccc(C)cc1,True,(),0,"InChI=1S/C8H10/c1-7-3-5-8(2)6-4-7/h3-6H,1-2H3",-0.8,p-xylene,train
C=CCC=C,True,isolated alkene,1,"InChI=1S/C5H8/c1-3-5-4-2/h3-4H,1-2,5H2",0.93,"penta-1,4-diene",train
Cc1cccc(Nc2ccccc2C(=O)O)c1C,True,(),0,"InChI=1S/C15H15NO2/c1-10-6-5-9-13(11(10)2)16-14-8-4-3-7-12(14)15(17)18/h3-9,16H,1-2H3,(H,17,18)",-6.78,"2-(2,3-dimethylphenyl)aminobenzoic acid",train
CN(C)C(=O)c1ccccc1,True,(),0,"InChI=1S/C9H11NO/c1-10(2)9(11)8-6-4-3-5-7-8/h3-7H,1-2H3",-9.29,"N,N-dimethylbenzamide",train
CCNCC,True,(),0,"InChI=1S/C4H11N/c1-3-5-4-2/h5H,3-4H2,1-2H3",-4.07,N-ethylethanamine,train
CC(C)(C)c1ccc(O)cc1,True,(),0,"InChI=1S/C10H14O/c1-10(2,3)8-4-6-9(11)7-5-8/h4-7,11H,1-3H3",-5.91,4-tert-butylphenol,train
CC(C)CCOC=O,True,"aldehyde, Aliphatic long chain",2,"InChI=1S/C6H12O2/c1-6(2)3-4-8-5-7/h5-6H,3-4H2,1-2H3",-2.13,isopentyl formate,train
CCCCCCCCCCO,True,Aliphatic long chain,1,"InChI=1S/C10H22O/c1-2-3-4-5-6-7-8-9-10-11/h11H,2-10H2,1H3",-3.64,decan-1-ol,train
CCOC(=O)CC,True,(),0,"InChI=1S/C5H10O2/c1-3-5(6)7-4-2/h3-4H2,1-2H3",-2.68,ethyl propanoate,train
CNC(C)=O,True,(),0,"InChI=1S/C3H7NO/c1-3(5)4-2/h1-2H3,(H,4,5)",-10.0,N-methylacetamide,train
C=CCCCCCCC,True,"Aliphatic long chain, isolated alkene",2,"InChI=1S/C9H18/c1-3-5-7-9-8-6-4-2/h3H,1,4-9H2,2H3",2.06,non-1-ene,train
Oc1ccc2ccccc2c1,True,"((5, 'molecule has a crossed bond in a ring'),)",0,"InChI=1S/C10H8O/c11-10-6-5-8-3-1-2-4-9(8)7-10/h1-7,11H",-8.11,naphthalen-2-ol,train
Clc1ccc(Cl)c(Cl)c1,True,halogenated ring,1,InChI=1S/C6H3Cl3/c7-4-1-2-5(8)6(9)3-4/h1-3H,-1.12,"1,2,4-trichlorobenzene",train
OC[C@@H](O)[C@@H](O)[C@H](O)[C@H](O)CO,True,(),0,"InChI=1S/C6H14O6/c7-1-3(9)5(11)6(12)4(10)2-8/h3-12H,1-2H2/t3-,4-,5-,6-/m1/s1",-23.62,"(2R,3R,4R,5R)-Hexan-1,2,3,4,5,6-hexol",train
CCCC(=O)OC,True,(),0,"InChI=1S/C5H10O2/c1-3-4-5(6)7-2/h3-4H2,1-2H3",-2.83,methyl butanoate,train
CCCNCCC,True,Aliphatic long chain,1,"InChI=1S/C6H15N/c1-3-5-7-6-4-2/h7H,3-6H2,1-2H3",-3.65,N-propylpropan-1-amine,train
Nc1ccccc1,True,aniline,1,"InChI=1S/C6H7N/c7-6-4-2-1-3-5-6/h1-5H,7H2",-5.49,aniline,train
FC(F)(F)F,True,(),0,"InChI=1S/CF4/c2-1(3,4)5",3.12,tetrafluoromethane,train
Oc1ccccc1I,True,iodine,1,"InChI=1S/C6H5IO/c7-5-3-1-2-4-6(5)8/h1-4,8H",-6.2,2-iodophenol,train
COc1cccc(OC)c1O,True,(),0,"InChI=1S/C8H10O3/c1-10-6-4-3-5-7(11-2)8(6)9/h3-5,9H,1-2H3",-6.96,"2,6-dimethoxyphenol",train
C#CCC,True,triple bond,1,"InChI=1S/C4H6/c1-3-4-2/h1H,4H2,2H3",-0.16,but-1-yne,train
FC(F)(F)c1ccccc1,True,(),0,"InChI=1S/C7H5F3/c8-7(9,10)6-4-2-1-3-5-6/h1-5H",-0.25,trifluoromethylbenzene,train
Cc1ccccn1,True,(),0,"InChI=1S/C6H7N/c1-6-4-2-3-5-7-6/h2-5H,1H3",-4.63,2-methylpyridine,train
Clc1cc2c(cc1Cl)Oc1ccccc1O2,True,(),0,InChI=1S/C12H6Cl2O2/c13-7-5-11-12(6-8(7)14)16-10-4-2-1-3-9(10)15-11/h1-6H,-3.56,"2,3-dichlorodibenzo-p-dioxin",train
N,True,(),0,InChI=1S/H3N/h1H3,-4.29,ammonia,train
FC(F)(F)c1ccccc1C(F)(F)F,True,(),0,"InChI=1S/C8H4F6/c9-7(10,11)5-3-1-2-4-6(5)8(12,13)14/h1-4H",1.07,"1,2-bis(trifluoromethyl)benzene",train
COC(=O)c1ccc(O)cc1,True,(),0,"InChI=1S/C8H8O3/c1-11-8(10)6-2-4-7(9)5-3-6/h2-5,9H,1H3",-9.51,methyl paraben,train
CCCCCc1ccccc1,True,Aliphatic long chain,1,"InChI=1S/C11H16/c1-2-3-5-8-11-9-6-4-7-10-11/h4,6-7,9-10H,2-3,5,8H2,1H3",-0.23,pentylbenzene,train
CC(F)F,True,(),0,"InChI=1S/C2H4F2/c1-2(3)4/h2H,1H3",-0.11,"1,1-difluoroethane",train
Nc1cnn(-c2ccccc2)c(=O)c1Cl,True,(),0,"InChI=1S/C10H8ClN3O/c11-9-8(12)6-13-14(10(9)15)7-4-2-1-3-5-7/h1-6H,12H2",-16.43,5-Amino-4-chloro-2-phenylpyridazin-3(2H)-one,train
CCCCCC(N)=O,True,Aliphatic long chain,1,"InChI=1S/C6H13NO/c1-2-3-4-5-6(7)8/h2-5H2,1H3,(H2,7,8)",-9.31,hexanamide,train
CC(C)CO[N+](=O)[O-],True,"nitro group, Oxygen-nitrogen single bond",2,"InChI=1S/C4H9NO3/c1-4(2)3-8-5(6)7/h4H,3H2,1-2H3",-1.88,isobutyl nitrate,train
O=C1c2ccccc2C(=O)c2c(NCCO)cccc21,True,(),0,"InChI=1S/C16H13NO3/c18-9-8-17-13-7-3-6-12-14(13)16(20)11-5-2-1-4-10(11)15(12)19/h1-7,17-18H,8-9H2",-14.21,"1-(2-hydroxyethylamino)-9,10-anthraquinone",train
O=[N+]([O-])OCCO,True,"nitro group, Oxygen-nitrogen single bond",2,"InChI=1S/C2H5NO4/c4-1-2-7-3(5)6/h4H,1-2H2",-8.18,2-(nitrooxy)ethan-1-ol,train
CN1CCNCC1,True,(),0,"InChI=1S/C5H12N2/c1-7-4-2-6-3-5-7/h6H,2-5H2,1H3",-7.77,1-methylpiperazine,train
CCN,True,(),0,"InChI=1S/C2H7N/c1-2-3/h2-3H2,1H3",-4.5,ethanamine,train
C1=CC=CCC=C1,True,(),0,"InChI=1S/C7H8/c1-2-4-6-7-5-3-1/h1-6H,7H2",-0.99,"cyclohepta-1,3,5-triene",train
CC(Cl)Cl,True,alkyl halide,1,"InChI=1S/C2H4Cl2/c1-2(3)4/h2H,1H3",-0.84,"1,1-dichloroethane",train
COc1cccc(O)c1,True,(),0,"InChI=1S/C7H8O2/c1-9-7-4-2-3-6(8)5-7/h2-5,8H,1H3",-7.66,3-methoxyphenol,train
c1cc2c3c(cccc3c1)CC2,True,"((5, 'molecule has a crossed bond in a ring'),)",0,"InChI=1S/C12H10/c1-3-9-4-2-6-11-8-7-10(5-1)12(9)11/h1-6H,7-8H2",-3.15,acenaphthene,train
CCCCCCCCBr,True,"Aliphatic long chain, alkyl halide",2,"InChI=1S/C8H17Br/c1-2-3-4-5-6-7-8-9/h2-8H2,1H3",0.52,1-bromooctane,train
OCc1ccccc1,True,(),0,"InChI=1S/C7H8O/c8-6-7-4-2-1-3-5-7/h1-5,8H,6H2",-6.62,phenylmethanol,train
O=c1[nH]cc(Br)c(=O)[nH]1,True,(),0,"InChI=1S/C4H3BrN2O2/c5-2-1-6-4(9)7-3(2)8/h1H,(H2,6,7,8,9)",-18.17,5-bromouracil,train
CCCC,True,(),0,"InChI=1S/C4H10/c1-3-4-2/h3-4H2,1-2H3",2.1,n-butane,train
CCl,True,alkyl halide,1,InChI=1S/CH3Cl/c1-2/h1H3,-0.55,chloromethane,train
c1c[nH]cn1,True,(),0,"InChI=1S/C3H4N2/c1-2-5-3-4-1/h1-3H,(H,4,5)",-9.63,imidazole,train
Clc1ccc2c(c1)Oc1cc(Cl)c(Cl)c(Cl)c1O2,True,halogenated ring,1,InChI=1S/C12H4Cl4O2/c13-5-1-2-7-8(3-5)17-9-4-6(14)10(15)11(16)12(9)18-7/h1-4H,-3.84,"1,2,3,7-tetrachlorodibenzo-p-dioxin",train
CC[C@H](C)n1c(=O)[nH]c(C)c(Br)c1=O,True,(),0,"InChI=1S/C9H13BrN2O2/c1-4-5(2)12-8(13)7(10)6(3)11-9(12)14/h5H,4H2,1-3H3,(H,11,14)/t5-/m0/s1",-9.73,bromacil,train
ICI,True,"alkyl halide, iodine",2,InChI=1S/CH2I2/c2-1-3/h1H2,-2.49,diiodomethane,train
CCCSC(=O)N(CCC)CCC,True,thioester,1,"InChI=1S/C10H21NOS/c1-4-7-11(8-5-2)10(12)13-9-6-3/h4-9H2,1-3H3",-4.13,"N,N-dipropyl(propylsulfanyl)formamide",train
C[N+](=O)[O-],True,"nitro group, Oxygen-nitrogen single bond",2,InChI=1S/CH3NO2/c1-2(3)4/h1H3,-4.02,nitromethane,train
CCOC,True,(),0,"InChI=1S/C3H8O/c1-3-4-2/h3H2,1-2H3",-2.1,methoxyethane,train
CC(C)C,True,(),0,"InChI=1S/C4H10/c1-4(2)3/h4H,1-3H3",2.3,isobutane,train
CCCCl,True,alkyl halide,1,"InChI=1S/C3H7Cl/c1-2-3-4/h2-3H2,1H3",-0.33,1-chloropropane,train
CCCSCCC,True,Aliphatic long chain,1,"InChI=1S/C6H14S/c1-3-5-7-6-4-2/h3-6H2,1-2H3",-1.28,1-propylsulfanylpropane,train
CCC[C@@H](O)CC,True,(),0,"InChI=1S/C6H14O/c1-3-5-6(7)4-2/h6-7H,3-5H2,1-2H3/t6-/m0/s1",-4.06,hexan-3-ol,train
CC#N,True,(),0,InChI=1S/C2H3N/c1-2-3/h1H3,-3.88,acetonitrile,train
CN(CC(F)(F)F)c1ccccc1,True,(),0,"InChI=1S/C9H10F3N/c1-13(7-9(10,11)12)8-5-3-2-4-6-8/h2-6H,7H2,1H3",-1.92,"N-methyl-N-(2,2,2-trifluoroethyl)aniline",train
FC(F)O[C@H](Cl)C(F)(F)F,True,alkyl halide,1,"InChI=1S/C3H2ClF5O/c4-1(3(7,8)9)10-2(5)6/h1-2H/t1-/m0/s1",0.1,"2-chloro-2-(difluoromethoxy)-1,1,1-trifluoro-ethane",train
Cc1cccc(C)c1,True,(),0,"InChI=1S/C8H10/c1-7-4-3-5-8(2)6-7/h3-6H,1-2H3",-0.83,m-xylene,train
COC(C)=O,True,(),0,InChI=1S/C3H6O2/c1-3(4)5-2/h1-2H3,-3.13,methyl acetate,train
CCOC(=O)c1ccccc1,True,(),0,"InChI=1S/C9H10O2/c1-2-11-9(10)8-6-4-3-5-7-8/h3-7H,2H2,1H3",-3.64,ethyl benzoate,train
CCCCCC(C)=O,True,Aliphatic long chain,1,"InChI=1S/C7H14O/c1-3-4-5-6-7(2)8/h3-6H2,1-2H3",-3.04,heptan-2-one,train
BrCc1ccccc1,True,alkyl halide,1,"InChI=1S/C7H7Br/c8-6-7-4-2-1-3-5-7/h1-5H,6H2",-2.38,benzyl bromide,train
CCCCCC(=O)OCC,True,Aliphatic long chain,1,"InChI=1S/C8H16O2/c1-3-5-6-7-8(9)10-4-2/h3-7H2,1-2H3",-2.23,ethyl hexanoate,train
CCCOC,True,(),0,"InChI=1S/C4H10O/c1-3-4-5-2/h3-4H2,1-2H3",-1.66,1-methoxypropane,train
CN1CCOCC1,True,(),0,"InChI=1S/C5H11NO/c1-6-2-4-7-5-3-6/h2-5H2,1H3",-6.32,4-methylmorpholine,train
N#Cc1cccc(O)c1,True,(),0,"InChI=1S/C7H5NO/c8-5-6-2-1-3-7(9)4-6/h1-4,9H",-9.65,3-hydroxybenzonitrile,train
Clc1ccc(-c2c(Cl)c(Cl)cc(Cl)c2Cl)cc1Cl,True,halogenated ring,1,InChI=1S/C12H4Cl6/c13-6-2-1-5(3-7(6)14)10-11(17)8(15)4-9(16)12(10)18/h1-4H,-4.38,"1,2,4,5-tetrachloro-3-(3,4-dichlorophenyl)benzene",train
CCCc1ccccc1,True,(),0,"InChI=1S/C9H12/c1-2-6-9-7-4-3-5-8-9/h3-5,7-8H,2,6H2,1H3",-0.53,propylbenzene,train
Cn1c(=O)c2c(ncn2C)n(C)c1=O,True,(),0,"InChI=1S/C8H10N4O2/c1-10-4-9-6-5(10)7(13)12(3)8(14)11(6)2/h4H,1-3H3",-12.64,caffeine,train
CNC,True,(),0,"InChI=1S/C2H7N/c1-3-2/h3H,1-2H3",-4.29,N-methylmethanamine,train
Oc1ccc(Cl)cc1,True,(),0,"InChI=1S/C6H5ClO/c7-5-1-3-6(8)4-2-5/h1-4,8H",-7.03,4-chlorophenol,train
C1CCNCC1,True,(),0,"InChI=1S/C5H11N/c1-2-4-6-5-3-1/h6H,1-5H2",-5.11,piperidine,train
c1ccc2c(c1)ccc1ccccc12,True,Polycyclic aromatic hydrocarbon,1,InChI=1S/C14H10/c1-3-7-13-11(5-1)9-10-12-6-2-4-8-14(12)13/h1-10H,-3.88,phenanthrene,train
CI,True,"alkyl halide, iodine",2,InChI=1S/CH3I/c1-2/h1H3,-0.89,iodomethane,train
COc1c(Cl)cc(Cl)c(OC)c1O,True,(),0,"InChI=1S/C8H8Cl2O3/c1-12-7-4(9)3-5(10)8(13-2)6(7)11/h3,11H,1-2H3",-6.44,"3,5-dichloro-2,6-dimethoxyphenol",train
CCCCC,True,(),0,"InChI=1S/C5H12/c1-3-5-4-2/h3-5H2,1-2H3",2.3,n-pentane,train
CCCC#N,True,(),0,"InChI=1S/C4H7N/c1-2-3-4-5/h2-3H2,1H3",-3.64,butanenitrile,train
F[C@H](Br)C(F)(F)F,True,alkyl halide,1,"InChI=1S/C2HBrF4/c3-1(4)2(5,6)7/h1H/t1-/m0/s1",0.5,"2-bromo-1,1,1,2-tetrafluoro-ethane",train
CC(C)Cc1cnccn1,True,(),0,"InChI=1S/C8H12N2/c1-7(2)5-8-6-9-3-4-10-8/h3-4,6-7H,5H2,1-2H3",-5.04,2-isobutylpyrazine,train
CC[C@H](C)O[N+](=O)[O-],True,"nitro group, Oxygen-nitrogen single bond",2,"InChI=1S/C4H9NO3/c1-3-4(2)8-5(6)7/h4H,3H2,1-2H3/t4-/m0/s1",-1.82,[(2S)-butan-2-yl] nitrate,train
Clc1cc(-c2ccccc2)c(Cl)c(Cl)c1Cl,True,"halogenated ring, halogenated ring",2,InChI=1S/C12H6Cl4/c13-9-6-8(7-4-2-1-3-5-7)10(14)12(16)11(9)15/h1-6H,-3.48,"1,2,3,4-tetrachloro-5-phenyl-benzene",train
CC[C@@H](C)C(C)C,True,(),0,"InChI=1S/C7H16/c1-5-7(4)6(2)3/h6-7H,5H2,1-4H3/t7-/m1/s1",2.52,"2,3-dimethylpentane",train
CC(C)C[C@@H](C)O,True,(),0,"InChI=1S/C6H14O/c1-5(2)4-6(3)7/h5-7H,4H2,1-3H3/t6-/m1/s1",-3.73,4-methylpentan-2-ol,train
C=C(Cl)Cl,True,(),0,InChI=1S/C2H2Cl2/c1-2(3)4/h1H2,0.25,"1,1-dichloroethylene",train
CC(C)CO,True,(),0,"InChI=1S/C4H10O/c1-4(2)3-5/h4-5H,3H2,1-2H3",-4.5,2-methylpropan-1-ol,train
CCCOC(=O)CC,True,(),0,"InChI=1S/C6H12O2/c1-3-5-8-6(7)4-2/h3-5H2,1-2H3",-2.44,propyl propanoate,train
ClC(Cl)(Cl)C(Cl)(Cl)Cl,True,alkyl halide,1,"InChI=1S/C2Cl6/c3-1(4,5)2(6,7)8",-0.64,hexachloroethane,train
CCc1ccccc1O,True,(),0,"InChI=1S/C8H10O/c1-2-7-5-3-4-6-8(7)9/h3-6,9H,2H2,1H3",-5.66,2-ethylphenol,train
CC(C)(C)Cl,True,alkyl halide,1,"InChI=1S/C4H9Cl/c1-4(2,3)5/h1-3H3",1.09,2-chloro-2-methyl-propane,train
C=CC(=C)C,True,polyene,1,"InChI=1S/C5H8/c1-4-5(2)3/h4H,1-2H2,3H3",0.68,isoprene,train
Cc1ccc(C(C)C)cc1,True,(),0,"InChI=1S/C10H14/c1-8(2)10-6-4-9(3)5-7-10/h4-8H,1-3H3",-0.68,1-isopropyl-4-methyl-benzene,train
Cn1ccnc1,True,(),0,"InChI=1S/C4H6N2/c1-6-3-2-5-4-6/h2-4H,1H3",-8.41,1-methylimidazole,train
OCCO,True,(),0,"InChI=1S/C2H6O2/c3-1-2-4/h3-4H,1-2H2",-9.3,ethylene glycol,train
Clc1ccccc1Cl,True,(),0,InChI=1S/C6H4Cl2/c7-5-3-1-2-4-6(5)8/h1-4H,-1.36,"1,2-dichlorobenzene",train
CCCOC=O,True,"aldehyde, Aliphatic long chain",2,"InChI=1S/C4H8O2/c1-2-3-6-4-5/h4H,2-3H2,1H3",-2.48,propyl formate,train
Clc1ccc2c(c1)Oc1ccccc1O2,True,(),0,InChI=1S/C12H7ClO2/c13-8-5-6-11-12(7-8)15-10-4-2-1-3-9(10)14-11/h1-7H,-3.1,2-chlorodibenzo-p-dioxin,train
CCCCCC(=O)O,True,Aliphatic long chain,1,"InChI=1S/C6H12O2/c1-2-3-4-5-6(7)8/h2-5H2,1H3,(H,7,8)",-6.21,hexanoic acid,train
Cc1ccnc(C)c1,True,(),0,"InChI=1S/C7H9N/c1-6-3-4-8-7(2)5-6/h3-5H,1-2H3",-4.86,"2,4-dimethylpyridine",train
C1=CCCCC1,True,isolated alkene,1,"InChI=1S/C6H10/c1-2-4-6-5-3-1/h1-2H,3-6H2",0.14,cyclohexene,train
CN1CCN(C)CC1,True,(),0,"InChI=1S/C6H14N2/c1-7-3-5-8(2)6-4-7/h3-6H2,1-2H3",-7.58,"1,4-dimethylpiperazine",train
Clc1ccc(-c2cc(Cl)c(Cl)c(Cl)c2Cl)cc1Cl,True,"halogenated ring, halogenated ring",2,InChI=1S/C12H4Cl6/c13-7-2-1-5(3-8(7)14)6-4-9(15)11(17)12(18)10(6)16/h1-4H,-3.04,"1,2,3,4-tetrachloro-5-(3,4-dichlorophenyl)benzene",train
O=C1C=CC(=O)C=C1,True,chinone,1,InChI=1S/C6H4O2/c7-5-1-2-6(8)4-3-5/h1-4H,-6.5,quinone,train
COC(=O)CCl,True,alkyl halide,1,"InChI=1S/C3H5ClO2/c1-6-3(5)2-4/h2H2,1H3",-4.0,methyl 2-chloroacetate,train
CCCC=O,True,aldehyde,1,"InChI=1S/C4H8O/c1-2-3-4-5/h4H,2-3H2,1H3",-3.18,butanal,train
CCc1ccccc1,True,(),0,"InChI=1S/C8H10/c1-2-8-6-4-3-5-7-8/h3-7H,2H2,1H3",-0.79,ethylbenzene,train
ClC=C(Cl)Cl,True,(),0,InChI=1S/C2HCl3/c3-1-2(4)5/h1H,-0.44,"1,1,2-trichloroethylene",train
CCN(CC)CC,True,(),0,"InChI=1S/C6H15N/c1-4-7(5-2)6-3/h4-6H2,1-3H3",-3.22,"N,N-diethylethanamine",train
Clc1ccc2c(c1)Oc1c(Cl)c(Cl)c(Cl)c(Cl)c1O2,True,"halogenated ring, halogenated ring",2,InChI=1S/C12H3Cl5O2/c13-4-1-2-5-6(3-4)19-12-10(17)8(15)7(14)9(16)11(12)18-5/h1-3H,-4.15,"1,2,3,4,7-pentachlorodibenzo-p-dioxin",train
Cc1ccncc1C,True,(),0,"InChI=1S/C7H9N/c1-6-3-4-8-5-7(6)2/h3-5H,1-2H3",-5.22,"3,4-dimethylpyridine",train
O=c1[nH]c(=O)[nH]c(=O)[nH]1,True,(),0,"InChI=1S/C3H3N3O3/c7-1-4-2(8)6-3(9)5-1/h(H3,4,5,6,7,8,9)",-18.06,cyanuric acid,train
O=Cc1ccccc1,True,aldehyde,1,InChI=1S/C7H6O/c8-6-7-4-2-1-3-5-7/h1-6H,-4.02,benzaldehyde,train
Clc1ccccn1,True,2-halo pyridine,1,InChI=1S/C5H4ClN/c6-5-3-1-2-4-7-5/h1-4H,-4.39,2-chloropyridine,train
C=CCCl,True,"alkyl halide, isolated alkene",2,"InChI=1S/C3H5Cl/c1-2-3-4/h2H,1,3H2",-0.57,3-chloroprop-1-ene,train
CC(=O)c1ccc(C)cc1,True,(),0,"InChI=1S/C9H10O/c1-7-3-5-9(6-4-7)8(2)10/h3-6H,1-2H3",-4.7,1-(p-tolyl)ethanone,train
Cc1ccccc1Cl,True,(),0,"InChI=1S/C7H7Cl/c1-6-4-2-3-5-7(6)8/h2-5H,1H3",-1.14,1-chloro-2-methyl-benzene,train
CC(=O)N1CCCC1,True,(),0,"InChI=1S/C6H11NO/c1-6(8)7-4-2-3-5-7/h2-5H2,1H3",-9.8,1-pyrrolidin-1-ylethanone,train
COC(C)(OC)OC,True,het-C-het not in ring,1,"InChI=1S/C5H12O3/c1-5(6-2,7-3)8-4/h1-4H3",-4.42,"1,1,1-trimethoxyethane",train
CN(C)c1ccccc1,True,(),0,"InChI=1S/C8H11N/c1-9(2)8-6-4-3-5-7-8/h3-7H,1-2H3",-3.45,"N,N-dimethylaniline",train
COC(C)C,True,(),0,"InChI=1S/C4H10O/c1-4(2)5-3/h4H,1-3H3",-2.01,2-methoxypropane,train
Clc1c(Cl)c(Cl)c2c(c1Cl)Oc1c(Cl)c(Cl)c(Cl)c(Cl)c1O2,True,"halogenated ring, halogenated ring",2,InChI=1S/C12Cl8O2/c13-1-2(14)6(18)10-9(5(1)17)21-11-7(19)3(15)4(16)8(20)12(11)22-10,-4.53,"1,2,3,4,6,7,8,9-octachlorodibenzo-p-dioxin",train
Clc1c(Cl)c(Cl)c(-c2c(Cl)c(Cl)c(Cl)c(Cl)c2Cl)c(Cl)c1Cl,True,"halogenated ring, halogenated ring",2,InChI=1S/C12Cl10/c13-3-1(4(14)8(18)11(21)7(3)17)2-5(15)9(19)12(22)10(20)6(2)16,-2.98,"1,2,3,4,5-pentachloro-6-(2,3,4,5,6-pentachlorophenyl)benzene",train
ClCC(Cl)Cl,True,alkyl halide,1,"InChI=1S/C2H3Cl3/c3-1-2(4)5/h2H,1H2",-1.99,"1,1,2-trichloroethane",train
CC(=O)OC(C)C,True,(),0,"InChI=1S/C5H10O2/c1-4(2)7-5(3)6/h4H,1-3H3",-2.64,isopropyl acetate,train
c1ccccc1,True,(),0,InChI=1S/C6H6/c1-2-4-6-5-3-1/h1-6H,-0.9,benzene,train
Clc1cccc(Cl)c1Cl,True,halogenated ring,1,InChI=1S/C6H3Cl3/c7-4-2-1-3-5(8)6(4)9/h1-3H,-1.24,"1,2,3-trichlorobenzene",train
CCOP(=S)(OCC)SCSc1ccc(Cl)cc1,True,"het-C-het not in ring, phosphor",2,"InChI=1S/C11H16ClO2PS3/c1-3-13-15(16,14-4-2)18-9-17-11-7-5-10(12)6-8-11/h5-8H,3-4,9H2,1-2H3",-6.5,4-chlorophenyl)sulfanylmethylsulfanyl-diethoxy-thioxo-$l^{5}-phosphane,train
COP(=S)(OC)SCn1nnc2ccccc2c1=O,True,phosphor,1,"InChI=1S/C10H12N3O3PS2/c1-15-17(18,16-2)19-7-13-10(14)8-5-3-4-6-9(8)11-12-13/h3-6H,7H2,1-2H3",-10.03,"3-(dimethoxyphosphinothioylsulfanylmethyl)-1,2,3-benzotriazin-4-one",train
Clc1cc(Cl)c2c(c1Cl)Oc1ccccc1O2,True,halogenated ring,1,InChI=1S/C12H5Cl3O2/c13-6-5-7(14)11-12(10(6)15)17-9-4-2-1-3-8(9)16-11/h1-5H,-4.05,"1,2,4-trichlorodibenzo-p-dioxin",train
C=CCCCC,True,"Aliphatic long chain, isolated alkene",2,"InChI=1S/C6H12/c1-3-5-6-4-2/h3H,1,4-6H2,2H3",1.58,hex-1-ene,train
S,True,(),0,InChI=1S/H2S/h1H2,-0.7,hydrogen sulfide,train
CCOCC,True,(),0,"InChI=1S/C4H10O/c1-3-5-4-2/h3-4H2,1-2H3",-1.59,ethoxyethane,train
CCNc1nc(NC(C)C)nc(SC)n1,True,(),0,"InChI=1S/C9H17N5S/c1-5-10-7-12-8(11-6(2)3)14-9(13-7)15-4/h6H,5H2,1-4H3,(H2,10,11,12,13,14)",-7.65,"2-N-ethyl-6-(methylsulfanyl)-4-N-(propan-2-yl)-1,3,5-triazine-2,4-diamine",train
CCCCCCOC(C)=O,True,Aliphatic long chain,1,"InChI=1S/C8H16O2/c1-3-4-5-6-7-10-8(2)9/h3-7H2,1-2H3",-2.26,hexyl acetate,train
O=C1CCCC1,True,(),0,InChI=1S/C5H8O/c6-5-3-1-2-4-5/h1-4H2,-4.7,cyclopentanone,train
CCCCC(=O)O,True,(),0,"InChI=1S/C5H10O2/c1-2-3-4-5(6)7/h2-4H2,1H3,(H,6,7)",-6.16,pentanoic acid,train
CCBr,True,alkyl halide,1,"InChI=1S/C2H5Br/c1-2-3/h2H2,1H3",-0.74,bromoethane,train
Cc1ccc2cc(C)ccc2c1,True,"((5, 'molecule has a crossed bond in a ring'),)",0,"InChI=1S/C12H12/c1-9-3-5-12-8-10(2)4-6-11(12)7-9/h3-8H,1-2H3",-2.63,"2,6-dimethylnaphthalene",train
CCCCCCO,True,Aliphatic long chain,1,"InChI=1S/C6H14O/c1-2-3-4-5-6-7/h7H,2-6H2,1H3",-4.4,hexan-1-ol,train
Clc1ccccc1-c1ccccc1,True,(),0,InChI=1S/C12H9Cl/c13-12-9-5-4-8-11(12)10-6-2-1-3-7-10/h1-9H,-2.69,1-chloro-2-phenyl-benzene,train
CC1=CCCCC1,True,isolated alkene,1,"InChI=1S/C7H12/c1-7-5-3-2-4-6-7/h5H,2-4,6H2,1H3",0.67,1-methylcyclohexene,train
CCCCCCO[N+](=O)[O-],True,"Aliphatic long chain, nitro group, Oxygen-nitrogen single bond",3,"InChI=1S/C6H13NO3/c1-2-3-4-5-6-10-7(8)9/h2-6H2,1H3",-1.66,hexyl nitrate,train
CCc1ccc(O)cc1,True,(),0,"InChI=1S/C8H10O/c1-2-7-3-5-8(9)6-4-7/h3-6,9H,2H2,1H3",-6.13,4-ethylphenol,train
CCCOCCO,True,Aliphatic long chain,1,"InChI=1S/C5H12O2/c1-2-4-7-5-3-6/h6H,2-5H2,1H3",-6.4,2-propoxyethanol,train
O=COc1ccccc1,True,aldehyde,1,InChI=1S/C7H6O2/c8-6-9-7-4-2-1-3-5-7/h1-6H,-3.82,phenyl formate,train
O=c1[nH]cc(I)c(=O)[nH]1,True,iodine,1,"InChI=1S/C4H3IN2O2/c5-2-1-6-4(9)7-3(2)8/h1H,(H2,6,7,8,9)",-18.72,5-iodouracil,train
O[C@@H]1[C@@H](O)[C@@H](O)OC[C@H]1O,True,(),0,"InChI=1S/C5H10O5/c6-2-1-10-5(9)4(8)3(2)7/h2-9H,1H2/t2-,3+,4-,5+/m1/s1",-20.52,"(2S,3R,4S,5R)-oxane-2,3,4,5-tetrol",train
FC(F)(F)Br,True,alkyl halide,1,"InChI=1S/CBrF3/c2-1(3,4)5",1.79,bromo-trifluoro-methane,train
CCCCO,True,(),0,"InChI=1S/C4H10O/c1-2-3-4-5/h5H,2-4H2,1H3",-4.72,butan-1-ol,train
Fc1ccccc1,True,(),0,InChI=1S/C6H5F/c7-6-4-2-1-3-5-6/h1-5H,-0.8,fluorobenzene,train
CCOC(C)=O,True,(),0,"InChI=1S/C4H8O2/c1-3-6-4(2)5/h3H2,1-2H3",-2.94,ethyl acetate,train
CC(C)COC(=O)C(C)C,True,(),0,"InChI=1S/C8H16O2/c1-6(2)5-10-8(9)7(3)4/h6-7H,5H2,1-4H3",-1.69,isobutyl 2-methylpropanoate,train
COC(C)(C)C,True,(),0,"InChI=1S/C5H12O/c1-5(2,3)6-4/h1-4H3",-2.21,2-methoxy-2-methyl-propane,train
CCC(=O)CC,True,(),0,"InChI=1S/C5H10O/c1-3-5(6)4-2/h3-4H2,1-2H3",-3.41,pentan-3-one,train
c1ccc2ccccc2c1,True,"((5, 'molecule has a crossed bond in a ring'),)",0,InChI=1S/C10H8/c1-2-6-10-8-4-3-7-9(10)5-1/h1-8H,-2.4,naphthalene,train
Clc1ccc(-c2cc(Cl)c(Cl)c(Cl)c2Cl)c(Cl)c1Cl,True,"halogenated ring, halogenated ring",2,InChI=1S/C12H3Cl7/c13-6-2-1-4(8(15)10(6)17)5-3-7(14)11(18)12(19)9(5)16/h1-3H,-4.4,"1,2,3,4-tetrachloro-5-(2,3,4-trichlorophenyl)benzene",train
CC(=O)Oc1ccccc1C(=O)O,True,phenol ester,1,"InChI=1S/C9H8O4/c1-6(10)13-8-5-3-2-4-7(8)9(11)12/h2-5H,1H3,(H,11,12)",-9.94,acetylsalicylic acid,train
CC(=O)C(C)(C)C,True,(),0,"InChI=1S/C6H12O/c1-5(7)6(2,3)4/h1-4H3",-3.11,"3,3-dimethylbutan-2-one",train
COS(C)(=O)=O,True,Sulfonic acid,1,"InChI=1S/C2H6O3S/c1-5-6(2,3)4/h1-2H3",-4.87,methyl methanesulfonate,train
CCc1ccncc1,True,(),0,"InChI=1S/C7H9N/c1-2-7-3-5-8-6-4-7/h3-6H,2H2,1H3",-4.73,4-ethylpyridine,train
CC(C)NC(C)C,True,(),0,"InChI=1S/C6H15N/c1-5(2)7-6(3)4/h5-7H,1-4H3",-3.22,N-isopropylpropan-2-amine,train
Clc1ccc2c(c1)Oc1ccc(Cl)cc1O2,True,(),0,InChI=1S/C12H6Cl2O2/c13-7-1-3-9-11(5-7)16-10-4-2-8(14)6-12(10)15-9/h1-6H,-3.67,"2,7-dichlorodibenzo-p-dioxin",train
CCCCCCCN,True,Aliphatic long chain,1,"InChI=1S/C7H17N/c1-2-3-4-5-6-7-8/h2-8H2,1H3",-3.79,heptan-1-amine,train
CC1CCCC1,True,(),0,"InChI=1S/C6H12/c1-6-4-2-3-5-6/h6H,2-5H2,1H3",1.59,methylcyclopentane,train
CCC,True,(),0,"InChI=1S/C3H8/c1-3-2/h3H2,1-2H3",2.0,propane,train
C[C@H]1CCCO1,True,(),0,"InChI=1S/C5H10O/c1-5-3-2-4-6-5/h5H,2-4H2,1H3/t5-/m0/s1",-3.3,2-methyltetrahydrofuran,train
CNC(=O)Oc1cccc2ccccc12,True,"((5, 'molecule has a crossed bond in a ring'),)",0,"InChI=1S/C12H11NO2/c1-13-12(14)15-11-8-4-6-9-5-2-3-7-10(9)11/h2-8H,1H3,(H,13,14)",-9.45,naphthalen-1-yl N-methylcarbamate,train
O=Cc1cccc(O)c1,True,aldehyde,1,"InChI=1S/C7H6O2/c8-5-6-2-1-3-7(9)4-6/h1-5,9H",-9.52,3-hydroxybenzaldehyde,train
c1ccc2cc3ccccc3cc2c1,True,Polycyclic aromatic hydrocarbon,1,InChI=1S/C14H10/c1-2-6-12-10-14-8-4-3-7-13(14)9-11(12)5-1/h1-10H,-3.95,anthracene,train
ClCCl,True,alkyl halide,1,InChI=1S/CH2Cl2/c2-1-3/h1H2,-1.31,dichloromethane,train
COC(=O)C(C)(C)C,True,(),0,"InChI=1S/C6H12O2/c1-6(2,3)5(7)8-4/h1-4H3",-2.4,"methyl 2,2-dimethylpropanoate",train
O=[N+]([O-])C(Cl)(Cl)Cl,True,"alkyl halide, N-C-halo, nitro group, Oxygen-nitrogen single bond",4,"InChI=1S/CCl3NO2/c2-1(3,4)5(6)7",-1.45,trichloro(nitro)methane,train
O=S1(=O)CCCC1,True,(),0,InChI=1S/C4H8O2S/c5-7(6)3-1-2-4-7/h1-4H2,-8.61,sulfolane,train
Cc1cccc(O)c1,True,(),0,"InChI=1S/C7H8O/c1-6-3-2-4-7(8)5-6/h2-5,8H,1H3",-5.49,m-cresol,train
Nc1ccc(O)c2c1C(=O)c1ccccc1C2=O,True,"aniline, hydroquinone",2,"InChI=1S/C14H9NO3/c15-9-5-6-10(16)12-11(9)13(17)7-3-1-2-4-8(7)14(12)18/h1-6,16H,15H2",-9.53,"1-amino-4-hydroxy-9,10-anthracenedione",train
Nc1ccc(N)c2c1C(=O)c1ccccc1C2=O,True,aniline,1,"InChI=1S/C14H10N2O2/c15-9-5-6-10(16)12-11(9)13(17)7-3-1-2-4-8(7)14(12)18/h1-6H,15-16H2",-11.85,"1,4-diamino-9,10-anthracenedione",train
CCCCCCCC(C)=O,True,Aliphatic long chain,1,"InChI=1S/C9H18O/c1-3-4-5-6-7-8-9(2)10/h3-8H2,1-2H3",-2.49,nonan-2-one,train
CCCCN,True,(),0,"InChI=1S/C4H11N/c1-2-3-4-5/h2-5H2,1H3",-4.24,butan-1-amine,train
CCCC(=O)OCC,True,(),0,"InChI=1S/C6H12O2/c1-3-5-6(7)8-4-2/h3-5H2,1-2H3",-2.49,ethyl butanoate,train
Cc1ccc(N)cc1,True,aniline,1,"InChI=1S/C7H9N/c1-6-2-4-7(8)5-3-6/h2-5H,8H2,1H3",-5.57,4-methylaniline,train
CCCCCCI,True,"Aliphatic long chain, alkyl halide, iodine",3,"InChI=1S/C6H13I/c1-2-3-4-5-6-7/h2-6H2,1H3",0.08,1-iodohexane,train
COP(=O)(OC)OC,True,phosphor,1,"InChI=1S/C3H9O4P/c1-5-8(4,6-2)7-3/h1-3H3",-8.7,trimethyl phosphate,train
Cc1cc(C)c2ccccc2c1,True,"((5, 'molecule has a crossed bond in a ring'),)",0,"InChI=1S/C12H12/c1-9-7-10(2)12-6-4-3-5-11(12)8-9/h3-8H,1-2H3",-2.47,"1,3-dimethylnaphthalene",train
CCCC(C)C,True,(),0,"InChI=1S/C6H14/c1-4-5-6(2)3/h6H,4-5H2,1-3H3",2.51,isohexane,train
CCOP(=S)(OCC)Oc1nc(Cl)c(Cl)cc1Cl,True,"2-halo pyridine, phosphor",2,"InChI=1S/C9H11Cl3NO3PS/c1-3-14-17(18,15-4-2)16-9-7(11)5-6(10)8(12)13-9/h5H,3-4H2,1-2H3",-5.04,chlorpyrifos,train
C=C,True,isolated alkene,1,InChI=1S/C2H4/c1-2/h1-2H2,1.28,ethylene,train
CCCCCI,True,"Aliphatic long chain, alkyl halide, iodine",3,"InChI=1S/C5H11I/c1-2-3-4-5-6/h2-5H2,1H3",-0.14,1-iodopentane,train
CCCCCCCCCC,True,Aliphatic long chain,1,"InChI=1S/C10H22/c1-3-5-7-9-10-8-6-4-2/h3-10H2,1-2H3",3.16,decane,train
C[C@@H](CO[N+](=O)[O-])O[N+](=O)[O-],True,"nitro group, Oxygen-nitrogen single bond",2,"InChI=1S/C3H6N2O6/c1-3(11-5(8)9)2-10-4(6)7/h3H,2H2,1H3/t3-/m0/s1",-4.95,"1,2-dinitroxypropane",train
Cc1c[nH]c2ccccc12,True,"((5, 'molecule has a crossed bond in a ring'),)",0,"InChI=1S/C9H9N/c1-7-6-10-9-5-3-2-4-8(7)9/h2-6,10H,1H3",-5.88,3-methyl-1H-indole,train
COP(=O)(OC)[C@@H](O)C(Cl)(Cl)Cl,True,"alkyl halide, phosphor",2,"InChI=1S/C4H8Cl3O4P/c1-10-12(9,11-2)3(8)4(5,6)7/h3,8H,1-2H3/t3-/m1/s1",-12.74,"(1R)-2,2,2-trichloro-1-dimethoxyphosphoryl-ethanol",train
C1CCCCC1,True,(),0,InChI=1S/C6H12/c1-2-4-6-5-3-1/h1-6H2,1.23,cyclohexane,train
CC(C)=CCC/C(C)=C/CO,True,isolated alkene,1,"InChI=1S/C10H18O/c1-9(2)5-4-6-10(3)7-8-11/h5,7,11H,4,6,8H2,1-3H3/b10-7+",-4.45,"(2E)-3,7-dimethylocta-2,6-dien-1-ol",train
CC(C)c1ccccc1,True,(),0,"InChI=1S/C9H12/c1-8(2)9-6-4-3-5-7-9/h3-8H,1-2H3",-0.3,cumene,train
CC(=O)C(C)C,True,(),0,"InChI=1S/C5H10O/c1-4(2)5(3)6/h4H,1-3H3",-3.24,3-methylbutan-2-one,train
CCCCNCCCC,True,Aliphatic long chain,1,"InChI=1S/C8H19N/c1-3-5-7-9-8-6-4-2/h9H,3-8H2,1-2H3",-3.24,N-butylbutan-1-amine,train
CCCCS,True,thiol,1,"InChI=1S/C4H10S/c1-2-3-4-5/h5H,2-4H2,1H3",-0.99,butane-1-thiol,train
Clc1c(Cl)c(Cl)c2c(c1Cl)Oc1ccccc1O2,True,"halogenated ring, halogenated ring",2,InChI=1S/C12H4Cl4O2/c13-7-8(14)10(16)12-11(9(7)15)17-5-3-1-2-4-6(5)18-12/h1-4H,-3.81,"1,2,3,4-tetrachlorodibenzo-p-dioxin",train
COc1c(O)c(OC)c(Cl)c(C=O)c1Cl,True,aldehyde,1,"InChI=1S/C9H8Cl2O4/c1-14-8-5(10)4(3-12)6(11)9(15-2)7(8)13/h3,13H,1-2H3",-8.68,"2,6-dichlorosyringaldehyde",train
NC1CCCCC1,True,(),0,"InChI=1S/C6H13N/c7-6-4-2-1-3-5-6/h6H,1-5,7H2",-4.59,cyclohexanamine,train
FC(F)Cl,True,alkyl halide,1,InChI=1S/CHClF2/c2-1(3)4/h1H,-0.5,chloro-difluoro-methane,train
COC(=O)c1ccc([N+](=O)[O-])cc1,True,"nitro group, Oxygen-nitrogen single bond",2,"InChI=1S/C8H7NO4/c1-13-8(10)6-2-4-7(5-3-6)9(11)12/h2-5H,1H3",-6.88,methyl 4-nitrobenzoate,train
CC(=O)c1cccnc1,True,(),0,"InChI=1S/C7H7NO/c1-6(9)7-3-2-4-8-5-7/h2-5H,1H3",-8.26,1-(3-pyridyl)ethanone,train
C#CC,True,triple bond,1,"InChI=1S/C3H4/c1-3-2/h1H,2H3",-0.48,prop-1-yne,train
CCCCCCCCC=O,True,"aldehyde, Aliphatic long chain",2,"InChI=1S/C9H18O/c1-2-3-4-5-6-7-8-9-10/h9H,2-8H2,1H3",-2.07,nonanal,train
CCC(=O)O,True,(),0,"InChI=1S/C3H6O2/c1-2-3(4)5/h2H2,1H3,(H,4,5)",-6.46,propionic acid,train
ClC(Cl)Cl,True,alkyl halide,1,InChI=1S/CHCl3/c2-1(3)4/h1H,-1.08,chloroform,train
Cc1cccc(C)c1C,True,(),0,"InChI=1S/C9H12/c1-7-5-4-6-8(2)9(7)3/h4-6H,1-3H3",-1.21,"1,2,3-trimethylbenzene",train
C,True,(),0,InChI=1S/CH4/h1H4,2.0,methane,train
ClCc1ccccc1,True,alkyl halide,1,"InChI=1S/C7H7Cl/c8-6-7-4-2-1-3-5-7/h1-5H,6H2",-1.93,benzyl chloride,train
CC1CCCCC1,True,(),0,"InChI=1S/C7H14/c1-7-5-3-2-4-6-7/h7H,2-6H2,1H3",1.7,methylcyclohexane,train
Cc1cccs1,True,(),0,"InChI=1S/C5H6S/c1-5-3-2-4-6-5/h2-4H,1H3",-1.38,2-methylthiophene,train
CCCCCl,True,alkyl halide,1,"InChI=1S/C4H9Cl/c1-2-3-4-5/h2-4H2,1H3",-0.16,1-chlorobutane,train
C[C@H]1CC[C@H](C)O1,True,(),0,"InChI=1S/C6H12O/c1-5-3-4-6(2)7-5/h5-6H,3-4H2,1-2H3/t5-,6-/m0/s1",-2.92,"2,5-dimethyltetrahydrofuran",train
COc1cc(C)ccc1O,True,(),0,"InChI=1S/C8H10O2/c1-6-3-4-7(9)8(5-6)10-2/h3-5,9H,1-2H3",-5.8,4-methyl-2-methoxyphenol,train
ClC1=C(Cl)[C@]2(Cl)[C@@H]3[C@@H]([C@H](Cl)C[C@@H]3Cl)[C@@]1(Cl)C2(Cl)Cl,True,alkyl halide,1,"InChI=1S/C10H6Cl8/c11-2-1-3(12)5-4(2)8(15)6(13)7(14)9(5,16)10(8,17)18/h2-5H,1H2/t2-,3+,4-,5+,8+,9-",-3.44,chlordane,train
Cc1ccccc1,True,(),0,"InChI=1S/C7H8/c1-7-5-3-2-4-6-7/h2-6H,1H3",-0.9,toluene,train
CCOC(=O)c1ccc(O)cc1,True,(),0,"InChI=1S/C9H10O3/c1-2-12-9(11)7-3-5-8(10)6-4-7/h3-6,10H,2H2,1H3",-9.2,ethyl paraben,train
CCOCCOCC,True,Aliphatic long chain,1,"InChI=1S/C6H14O2/c1-3-7-5-6-8-4-2/h3-6H2,1-2H3",-3.54,"1,2-diethoxyethane",train
CCCCCOC(=O)CC,True,Aliphatic long chain,1,"InChI=1S/C8H16O2/c1-3-5-6-7-10-8(9)4-2/h3-7H2,1-2H3",-2.11,pentyl propanoate,train
CCCc1ccc(O)cc1,True,(),0,"InChI=1S/C9H12O/c1-2-3-8-4-6-9(10)7-5-8/h4-7,10H,2-3H2,1H3",-5.21,4-propylphenol,train
ClCCCl,True,alkyl halide,1,InChI=1S/C2H4Cl2/c3-1-2-4/h1-2H2,-1.79,"1,2-dichloroethane",train
CCC(C)(C)CC,True,(),0,"InChI=1S/C7H16/c1-5-7(3,4)6-2/h5-6H2,1-4H3",2.56,"3,3-dimethylpentane",train
COC(F)(F)C(Cl)Cl,True,alkyl halide,1,"InChI=1S/C3H4Cl2F2O/c1-8-3(6,7)2(4)5/h2H,1H3",-1.12,"2,2-dichloro-1,1-difluoro-1-methoxy-ethane",train
CCOCCOC(C)=O,True,Aliphatic long chain,1,"InChI=1S/C6H12O3/c1-3-8-4-5-9-6(2)7/h3-5H2,1-2H3",-5.31,2-ethoxyethyl acetate,train
COc1cccc(N)c1,True,aniline,1,"InChI=1S/C7H9NO/c1-9-7-4-2-3-6(8)5-7/h2-5H,8H2,1H3",-7.29,3-methoxyaniline,train
O=Cc1cccnc1,True,aldehyde,1,InChI=1S/C6H5NO/c8-5-6-2-1-3-7-4-6/h1-5H,-7.1,pyridine-3-carbaldehyde,train
CCC(C)(C)O,True,(),0,"InChI=1S/C5H12O/c1-4-5(2,3)6/h6H,4H2,1-3H3",-4.43,2-methylbutan-2-ol,train
CCc1cccc(CC)c1N(COC)C(=O)CCl,True,"alkyl halide, het-C-het not in ring",2,"InChI=1S/C14H20ClNO2/c1-4-11-7-6-8-12(5-2)14(11)16(10-18-3)13(17)9-15/h6-8H,4-5,9-10H2,1-3H3",-8.21,alachlor,train
Cn1cccc1,True,(),0,"InChI=1S/C5H7N/c1-6-4-2-3-5-6/h2-5H,1H3",-2.89,1-methylpyrrole,train
COCOC,True,het-C-het not in ring,1,"InChI=1S/C3H8O2/c1-4-3-5-2/h3H2,1-2H3",-2.93,dimethoxymethane,train
CCC(O)CC,True,(),0,"InChI=1S/C5H12O/c1-3-5(6)4-2/h5-6H,3-4H2,1-2H3",-4.35,pentan-3-ol,train
ClCCBr,True,alkyl halide,1,InChI=1S/C2H4BrCl/c3-1-2-4/h1-2H2,-1.95,1-bromo-2-chloro-ethane,train
Ic1ccccc1,True,iodine,1,InChI=1S/C6H5I/c7-6-4-2-1-3-5-6/h1-5H,-1.74,iodobenzene,train
CC1=CC(=O)CC(C)(C)C1,True,(),0,"InChI=1S/C9H14O/c1-7-4-8(10)6-9(2,3)5-7/h4H,5-6H2,1-3H3",-5.18,"3,5,5-trimethylcyclohex-2-en-1-one",train
CCCc1ccc(O)c(OC)c1,True,(),0,"InChI=1S/C10H14O2/c1-3-4-8-5-6-9(11)10(7-8)12-2/h5-7,11H,3-4H2,1-2H3",-5.26,4-propylguaiacol,train
CS(C)(=O)=O,True,(),0,"InChI=1S/C2H6O2S/c1-5(2,3)4/h1-2H3",-10.08,methylsulfonylmethane,train
CCc1cccc(O)c1,True,(),0,"InChI=1S/C8H10O/c1-2-7-4-3-5-8(9)6-7/h3-6,9H,2H2,1H3",-6.25,3-ethylphenol,train
C=C(C)[C@@H]1CC=C(C)[C@@H](O)C1,True,isolated alkene,1,"InChI=1S/C10H16O/c1-7(2)9-5-4-8(3)10(11)6-9/h4,9-11H,1,5-6H2,2-3H3/t9-,10+/m1/s1",-4.44,"(1S,5R)-2-methyl-5-(1-methylethenyl)-2-cyclohexen-1-ol",train
Brc1ccc(Br)cc1,True,(),0,InChI=1S/C6H4Br2/c7-5-1-2-6(8)4-3-5/h1-4H,-2.3,"1,4-dibromobenzene",train
COc1c(Cl)ccc(Cl)c1C(=O)O,True,(),0,"InChI=1S/C8H6Cl2O3/c1-13-7-5(10)3-2-4(9)6(7)8(11)12/h2-3H,1H3,(H,11,12)",-9.86,dicamba,train
C/C=C\CC,True,isolated alkene,1,"InChI=1S/C5H10/c1-3-5-4-2/h3,5H,4H2,1-2H3/b5-3-",1.31,pent-2-ene,train
CC,True,(),0,InChI=1S/C2H6/c1-2/h1-2H3,1.83,ethane,train
COc1ccccc1OC,True,(),0,"InChI=1S/C8H10O2/c1-9-7-5-3-4-6-8(7)10-2/h3-6H,1-2H3",-5.33,"1,2-dimethoxybenzene",train
CCSCC,True,(),0,"InChI=1S/C4H10S/c1-3-5-4-2/h3-4H2,1-2H3",-1.46,ethylsulfanylethane,train
N#Cc1cccnc1,True,(),0,"InChI=1S/C6H4N2/c7-4-6-2-1-3-8-5-6/h1-3,5H",-6.75,pyridine-3-carbonitrile,train
Oc1ccc(Cl)c(Cl)c1,True,(),0,"InChI=1S/C6H4Cl2O/c7-5-2-1-4(9)3-6(5)8/h1-3,9H",-7.29,"3,4-dichlorophenol",train
COc1ccccc1,True,(),0,"InChI=1S/C7H8O/c1-8-7-5-3-2-4-6-7/h2-6H,1H3",-2.45,anisole,train
Cc1ccc(C)c(O)c1,True,(),0,"InChI=1S/C8H10O/c1-6-3-4-7(2)8(9)5-6/h3-5,9H,1-2H3",-5.91,"2,5-dimethylphenol",train
Clc1ccc(Cl)cc1,True,(),0,InChI=1S/C6H4Cl2/c7-5-1-2-6(8)4-3-5/h1-4H,-1.01,"1,4-dichlorobenzene",train
FCCl,True,alkyl halide,1,InChI=1S/CH2ClF/c2-1-3/h1H2,-0.77,chloro-fluoro-methane,train
C#CCCCCC,True,"Aliphatic long chain, triple bond",2,"InChI=1S/C7H12/c1-3-5-7-6-4-2/h1H,4-7H2,2H3",0.6,hept-1-yne,train
Clc1ccccc1,True,(),0,InChI=1S/C6H5Cl/c7-6-4-2-1-3-5-6/h1-5H,-1.12,chlorobenzene,train
CN(C)CCOC(c1ccccc1)c1ccccc1,True,(),0,"InChI=1S/C17H21NO/c1-18(2)13-14-19-17(15-9-5-3-6-10-15)16-11-7-4-8-12-16/h3-12,17H,13-14H2,1-2H3",-9.34,[2-benzhydryloxyethyl]-dimethyl-amine,train
CCCCC=O,True,"aldehyde, Aliphatic long chain",2,"InChI=1S/C5H10O/c1-2-3-4-5-6/h5H,2-4H2,1H3",-3.03,pentanal,train
c1ccc(Oc2ccccc2)cc1,True,(),0,InChI=1S/C12H10O/c1-3-7-11(8-4-1)13-12-9-5-2-6-10-12/h1-10H,-2.87,diphenyl ether,train
O=C1CCCCC1,True,(),0,InChI=1S/C6H10O/c7-6-4-2-1-3-5-6/h1-5H2,-4.91,cyclohexanone,train
CCCC[N+](=O)[O-],True,"nitro group, Oxygen-nitrogen single bond",2,"InChI=1S/C4H9NO2/c1-2-3-4-5(6)7/h2-4H2,1H3",-3.09,1-nitrobutane,train
O=Cc1ccncc1,True,aldehyde,1,InChI=1S/C6H5NO/c8-5-6-1-3-7-4-2-6/h1-5H,-7.0,pyridine-4-carbaldehyde,train
ClCCOCCCl,True,"Aliphatic long chain, alkyl halide",2,InChI=1S/C4H8Cl2O/c5-1-3-7-4-2-6/h1-4H2,-4.23,1-chloro-2-(2-chloroethoxy)ethane,train
CC[N+](=O)[O-],True,"nitro group, Oxygen-nitrogen single bond",2,"InChI=1S/C2H5NO2/c1-2-3(4)5/h2H2,1H3",-3.71,1-nitroethane,train
Clc1cccnc1,True,(),0,InChI=1S/C5H4ClN/c6-5-2-1-3-7-4-5/h1-4H,-4.01,3-chloropyridine,train
CBr,True,alkyl halide,1,InChI=1S/CH3Br/c1-2/h1H3,-0.82,bromomethane,train
CCCCCCC=O,True,"aldehyde, Aliphatic long chain",2,"InChI=1S/C7H14O/c1-2-3-4-5-6-7-8/h7H,2-6H2,1H3",-2.67,heptanal,train
Clc1cccc(Cl)c1-c1c(Cl)cccc1Cl,True,(),0,InChI=1S/C12H6Cl4/c13-7-3-1-4-8(14)11(7)12-9(15)5-2-6-10(12)16/h1-6H,-2.28,"1,3-dichloro-2-(2,6-dichlorophenyl)benzene",train
CC(C)C1CC[C@@H](C)CC1=O,True,(),0,"InChI=1S/C10H18O/c1-7(2)9-5-4-8(3)6-10(9)11/h7-9H,4-6H2,1-3H3/t8-,9+/m1/s1",-2.53,"(2S,5R)-2-isopropyl-5-methylcyclohexanone",train
OC[C@H]1O[C@@H](O)[C@H](O)[C@@H](O)[C@@H]1O,True,(),0,"InChI=1S/C6H12O6/c7-1-2-3(8)4(9)5(10)6(11)12-2/h2-11H,1H2/t2-,3-,4+,5-,6-/m1/s1",-25.47,"(2R,3R,4S,5S,6R)-6-(hydroxymethyl)tetrahydropyran-2,3,4,5-tetrol",train
CF,True,(),0,InChI=1S/CH3F/c1-2/h1H3,-0.22,fluoromethane,train
Cc1ccccc1N,True,aniline,1,"InChI=1S/C7H9N/c1-6-4-2-3-5-7(6)8/h2-5H,8H2,1H3",-5.53,2-methylaniline,train
CCCCBr,True,alkyl halide,1,"InChI=1S/C4H9Br/c1-2-3-4-5/h2-4H2,1H3",-0.4,1-bromobutane,train
CCCCCCCCCO,True,Aliphatic long chain,1,"InChI=1S/C9H20O/c1-2-3-4-5-6-7-8-9-10/h10H,2-9H2,1H3",-3.88,nonan-1-ol,train
Cc1ccncc1,True,(),0,"InChI=1S/C6H7N/c1-6-2-4-7-5-3-6/h2-5H,1H3",-4.93,4-methylpyridine,train
ClC(Cl)=C(Cl)Cl,True,(),0,InChI=1S/C2Cl4/c3-1(4)2(5)6,0.1,"1,1,2,2-tetrachloroethylene",train
C=C(c1ccccc1)c1ccccc1,True,(),0,"InChI=1S/C14H12/c1-12(13-8-4-2-5-9-13)14-10-6-3-7-11-14/h2-11H,1H2",-2.78,"1,1-diphenylethene",train
CCc1ccc(C)cc1,True,(),0,"InChI=1S/C9H12/c1-3-9-6-4-8(2)5-7-9/h4-7H,3H2,1-2H3",-0.95,1-ethyl-4-methyl-benzene,train
Cc1cccnc1,True,(),0,"InChI=1S/C6H7N/c1-6-3-2-4-7-5-6/h2-5H,1H3",-4.77,3-methylpyridine,train
COCC(OC)(OC)OC,True,het-C-het not in ring,1,"InChI=1S/C6H14O4/c1-7-5-6(8-2,9-3)10-4/h5H2,1-4H3",-5.73,"1,1,1,2-tetramethoxyethane",train
c1ccc2c(c1)Cc1ccccc1-2,True,(),0,"InChI=1S/C13H10/c1-3-7-12-10(5-1)9-11-6-2-4-8-13(11)12/h1-8H,9H2",-3.35,9H-fluorene,train
COS(=O)(=O)OC,True,(),0,"InChI=1S/C2H6O4S/c1-5-7(3,4)6-2/h1-2H3",-5.1,dimethyl sulfate,train
ClC(Cl)C(Cl)Cl,True,alkyl halide,1,InChI=1S/C2H2Cl4/c3-1(4)2(5)6/h1-2H,-2.37,"1,1,2,2-tetrachloroethane",train
CCCCCCBr,True,"Aliphatic long chain, alkyl halide",2,"InChI=1S/C6H13Br/c1-2-3-4-5-6-7/h2-6H2,1H3",0.18,1-bromohexane,train
Clc1cccc2c1Oc1ccccc1O2,True,(),0,InChI=1S/C12H7ClO2/c13-8-4-3-7-11-12(8)15-10-6-2-1-5-9(10)14-11/h1-7H,-3.52,1-chlorodibenzo-p-dioxin,train
COC(CC#N)(OC)OC,True,het-C-het not in ring,1,"InChI=1S/C6H11NO3/c1-8-6(9-2,10-3)4-5-7/h4H2,1-3H3",-6.4,"3,3,3-trimethoxypropanenitrile",train
CCCCCCc1ccccc1,True,Aliphatic long chain,1,"InChI=1S/C12H18/c1-2-3-4-6-9-12-10-7-5-8-11-12/h5,7-8,10-11H,2-4,6,9H2,1H3",-0.04,hexylbenzene,train
COc1cc(C=O)c(Cl)c(OC)c1O,True,aldehyde,1,"InChI=1S/C9H9ClO4/c1-13-6-3-5(4-11)7(10)9(14-2)8(6)12/h3-4,12H,1-2H3",-7.78,2-chlorosyringaldehyde,train
FC(F)(F)c1cccc(C(F)(F)F)c1,True,(),0,"InChI=1S/C8H4F6/c9-7(10,11)5-2-1-3-6(4-5)8(12,13)14/h1-4H",1.07,m-bis(trifluoromethyl)benzene,train
c1ccc(Cn2ccnc2)cc1,True,(),0,"InChI=1S/C10H10N2/c1-2-4-10(5-3-1)8-12-7-6-11-9-12/h1-7,9H,8H2",-7.63,1-benzylimidazole,train
CCOC(=O)CC(=O)OCC,True,beta-keto/anhydride,1,"InChI=1S/C7H12O4/c1-3-10-6(8)5-7(9)11-4-2/h3-5H2,1-2H3",-6.0,diethyl propanedioate,train
CC(=O)C1CC1,True,(),0,"InChI=1S/C5H8O/c1-4(6)5-2-3-5/h5H,2-3H2,1H3",-4.61,1-cyclopropylethanone,train
c1cc[nH]c1,True,(),0,InChI=1S/C4H5N/c1-2-4-5-3-1/h1-5H,-4.78,pyrrole,train
CC1CCC(C)CC1,True,"((2, 'InChI: Omitted undefined stereo'),)",0,"InChI=1S/C8H16/c1-7-3-5-8(2)6-4-7/h7-8H,3-6H2,1-2H3",2.11,"1,4-dimethylcyclohexane",train
OC1CCCCC1,True,(),0,"InChI=1S/C6H12O/c7-6-4-2-1-3-5-6/h6-7H,1-5H2",-5.46,cyclohexanol,train
CN(C)CCC=C1c2ccccc2CCc2ccccc21,True,(),0,"InChI=1S/C20H23N/c1-21(2)15-7-12-20-18-10-5-3-8-16(18)13-14-17-9-4-6-11-19(17)20/h3-6,8-12H,7,13-15H2,1-2H3",-7.43,Amitriptyline,train
Oc1ccc(F)cc1,True,(),0,"InChI=1S/C6H5FO/c7-5-1-3-6(8)4-2-5/h1-4,8H",-6.19,4-fluorophenol,train
Nc1ccccc1Cl,True,aniline,1,"InChI=1S/C6H6ClN/c7-5-3-1-2-4-6(5)8/h1-4H,8H2",-4.91,2-chloroaniline,train
Cc1ccc(C)c(C)c1,True,(),0,"InChI=1S/C9H12/c1-7-4-5-8(2)9(3)6-7/h4-6H,1-3H3",-0.86,"1,2,4-trimethylbenzene",train
C=C(C)[C@@H]1CCC(C)C(=O)C1,True,isolated alkene,1,"InChI=1S/C10H16O/c1-7(2)9-5-4-8(3)10(11)6-9/h8-9H,1,4-6H2,2-3H3/t8-,9-/m1/s1",-3.75,"(2R,5R)-2-methyl-5-(1-methylethenyl)-cyclohexanone",train
c1ccc(-c2ccccc2)cc1,True,(),0,InChI=1S/C12H10/c1-3-7-11(8-4-1)12-9-5-2-6-10-12/h1-10H,-2.7,biphenyl,train
Cc1cccc(O)c1C,True,(),0,"InChI=1S/C8H10O/c1-6-4-3-5-8(9)7(6)2/h3-5,9H,1-2H3",-6.16,"2,3-dimethylphenol",train
COP(=S)(OC)Oc1ccc([N+](=O)[O-])cc1,True,"nitro group, Oxygen-nitrogen single bond, phosphor",3,"InChI=1S/C8H10NO5PS/c1-12-15(16,13-2)14-8-5-3-7(4-6-8)9(10)11/h3-6H,1-2H3",-7.19,methylparathion,train
CCOP(=S)(OCC)Oc1ccc([N+](=O)[O-])cc1,True,"nitro group, Oxygen-nitrogen single bond, phosphor",3,"InChI=1S/C10H14NO5PS/c1-3-14-17(18,15-4-2)16-10-7-5-9(6-8-10)11(12)13/h5-8H,3-4H2,1-2H3",-6.74,diethoxy-(4-nitrophenoxy)-thioxo-$l^{5}-phosphane,train
CCN(CC)c1c([N+](=O)[O-])cc(C(F)(F)F)c(N)c1[N+](=O)[O-],True,"aniline, nitro group, Oxygen-nitrogen single bond",3,"InChI=1S/C11H13F3N4O4/c1-3-16(4-2)9-7(17(19)20)5-6(11(12,13)14)8(15)10(9)18(21)22/h5H,3-4,15H2,1-2H3",-5.66,"1-N,1-N-diethyl-2,6-dinitro-4-(trifluoromethyl)benzene-1,3-diamine",train
CSC,True,(),0,InChI=1S/C2H6S/c1-3-2/h1-2H3,-1.61,methylsulfanylmethane,train
OC1CCCC1,True,(),0,"InChI=1S/C5H10O/c6-5-3-1-2-4-5/h5-6H,1-4H2",-5.49,cyclopentanol,train
CC(C(=O)O)c1ccc(-c2ccccc2)c(F)c1,True,"((2, 'InChI: Omitted undefined stereo'),)",0,"InChI=1S/C15H13FO2/c1-10(15(17)18)12-7-8-13(14(16)9-12)11-5-3-2-4-6-11/h2-10H,1H3,(H,17,18)/t10-/m0/s1",-8.42,flurbiprofen,train
CCCN(CCC)c1c([N+](=O)[O-])cc(S(C)(=O)=O)cc1[N+](=O)[O-],True,"nitro group, Oxygen-nitrogen single bond",2,"InChI=1S/C13H19N3O6S/c1-4-6-14(7-5-2)13-11(15(17)18)8-10(23(3,21)22)9-12(13)16(19)20/h8-9H,4-7H2,1-3H3",-7.98,nitralin,train
C=CCl,True,(),0,"InChI=1S/C2H3Cl/c1-2-3/h2H,1H2",-0.59,chloroethylene,train
Cc1ccc(C(=O)N(C)C)cc1,True,(),0,"InChI=1S/C10H13NO/c1-8-4-6-9(7-5-8)10(12)11(2)3/h4-7H,1-3H3",-9.76,"N,N-4-trimethylbenzamide",train
CCCC(=O)CCC,True,(),0,"InChI=1S/C7H14O/c1-3-5-7(8)6-4-2/h3-6H2,1-2H3",-2.92,heptan-4-one,train
C1CNCCN1,True,(),0,"InChI=1S/C4H10N2/c1-2-6-4-3-5-1/h5-6H,1-4H2",-7.4,piperazine,train
CCOP(=S)(OCC)S[C@@H](CCl)N1C(=O)c2ccccc2C1=O,True,"alkyl halide, phosphor, phthalimide",3,"InChI=1S/C14H17ClNO4PS2/c1-3-19-21(22,20-4-2)23-12(9-15)16-13(17)10-7-5-6-8-11(10)14(16)18/h5-8,12H,3-4,9H2,1-2H3/t12-/m0/s1",-5.74,dialifor,train
CCOCCO,True,Aliphatic long chain,1,"InChI=1S/C4H10O2/c1-2-6-4-3-5/h5H,2-4H2,1H3",-6.69,2-ethoxyethanol,train
Cc1cnccn1,True,(),0,"InChI=1S/C5H6N2/c1-5-4-6-2-3-7-5/h2-4H,1H3",-5.51,2-methylpyrazine,train
CCC[N+](=O)[O-],True,"nitro group, Oxygen-nitrogen single bond",2,"InChI=1S/C3H7NO2/c1-2-3-4(5)6/h2-3H2,1H3",-3.34,1-nitropropane,train
Cc1cc(C)cc(C)c1,True,(),0,"InChI=1S/C9H12/c1-7-4-8(2)6-9(3)5-7/h4-6H,1-3H3",-0.9,mesitylene,train
O=c1[nH]cc(F)c(=O)[nH]1,True,(),0,"InChI=1S/C4H3FN2O2/c5-2-1-6-4(9)7-3(2)8/h1H,(H2,6,7,8,9)",-16.92,5-fluorouracil,train
CCO,True,(),0,"InChI=1S/C2H6O/c1-2-3/h3H,2H2,1H3",-5.0,ethanol,train
Cc1ccc(C)c2ccccc12,True,"((5, 'molecule has a crossed bond in a ring'),)",0,"InChI=1S/C12H12/c1-9-7-8-10(2)12-6-4-3-5-11(9)12/h3-8H,1-2H3",-2.82,"1,4-dimethylnaphthalene",train
Clc1cc2c(cc1Cl)Oc1cc(Cl)c(Cl)cc1O2,True,(),0,InChI=1S/C12H4Cl4O2/c13-5-1-9-10(2-6(5)14)18-12-4-8(16)7(15)3-11(12)17-9/h1-4H,-3.37,"2,3,7,8-tetrachlorodibenzo-p-dioxin",train
N#Cc1c(Cl)cccc1Cl,True,(),0,InChI=1S/C7H3Cl2N/c8-6-2-1-3-7(9)5(6)4-10/h1-3H,-4.71,dichlobenil,train
CCOC(OCC)Oc1ccccc1,True,het-C-het not in ring,1,"InChI=1S/C11H16O3/c1-3-12-11(13-4-2)14-10-8-6-5-7-9-10/h5-9,11H,3-4H2,1-2H3",-5.23,diethoxymethoxybenzene,train
O=[N+]([O-])c1cccc(O)c1,True,"nitro group, Oxygen-nitrogen single bond",2,"InChI=1S/C6H5NO3/c8-6-3-1-2-5(4-6)7(9)10/h1-4,8H",-9.62,3-nitrophenol,train
CCCCCCCCO,True,Aliphatic long chain,1,"InChI=1S/C8H18O/c1-2-3-4-5-6-7-8-9/h9H,2-8H2,1H3",-4.09,octan-1-ol,train
ClC(Cl)(Cl)Cl,True,alkyl halide,1,"InChI=1S/CCl4/c2-1(3,4)5",0.08,carbon tetrachloride,train
OCCc1ccccc1,True,(),0,"InChI=1S/C8H10O/c9-7-6-8-4-2-1-3-5-8/h1-5,9H,6-7H2",-6.79,2-phenylethanol,train
CN(C)C(=O)Nc1ccccc1,True,(),0,"InChI=1S/C9H12N2O/c1-11(2)9(12)10-8-6-4-3-5-7-8/h3-7H,1-2H3,(H,10,12)",-9.13,fenuron,train
CSSC,True,disulphide,1,InChI=1S/C2H6S2/c1-3-4-2/h1-2H3,-1.83,methyldisulfanylmethane,train
Oc1c2c(c(O)n1SC(Cl)(Cl)Cl)CC=CC2,True,"alkyl halide, isolated alkene",2,"InChI=1S/C9H8Cl3NO2S/c10-9(11,12)16-13-7(14)5-3-1-2-4-6(5)8(13)15/h1-2,5-6H,3-4H2/t5-,6-/m1/s1",-9.01,captan,train
CC(=O)OCC(COC(C)=O)OC(C)=O,True,> 2 ester groups,1,"InChI=1S/C9H14O6/c1-6(10)13-4-9(15-8(3)12)5-14-7(2)11/h9H,4-5H2,1-3H3",-8.84,"2,3-diacetoxypropyl acetate",train
COC,True,(),0,InChI=1S/C2H6O/c1-3-2/h1-2H3,-1.91,methoxymethane,train
CCCCCC,True,Aliphatic long chain,1,"InChI=1S/C6H14/c1-3-5-6-4-2/h3-6H2,1-2H3",2.48,hexane,train
BrCCBr,True,alkyl halide,1,InChI=1S/C2H4Br2/c3-1-2-4/h1-2H2,-2.33,"1,2-dibromoethane",train
ClC(Cl)C(Cl)(Cl)Cl,True,alkyl halide,1,"InChI=1S/C2HCl5/c3-1(4)2(5,6)7/h1H",-1.23,"1,1,1,2,2-pentachloroethane",train
O=c1[nH]cc(C(F)(F)F)c(=O)[nH]1,True,(),0,"InChI=1S/C5H3F3N2O2/c6-5(7,8)2-1-9-4(12)10-3(2)11/h1H,(H2,9,10,11,12)",-15.46,5-trifluoromethyluracil,train
Cc1cccc(C)c1N,True,aniline,1,"InChI=1S/C8H11N/c1-6-4-3-5-7(2)8(6)9/h3-5H,9H2,1-2H3",-5.21,"2,6-dimethylaniline",train
c1ccc2ncccc2c1,True,"((5, 'molecule has a crossed bond in a ring'),)",0,InChI=1S/C9H7N/c1-2-6-9-8(4-1)5-3-7-10-9/h1-7H,-5.72,quinoline,train
CCS,True,thiol,1,"InChI=1S/C2H6S/c1-2-3/h3H,2H2,1H3",-1.14,ethanethiol,train
CCSSCC,True,"Aliphatic long chain, disulphide",2,"InChI=1S/C4H10S2/c1-3-5-6-4-2/h3-4H2,1-2H3",-1.64,ethyldisulfanylethane,train
c1ccsc1,True,(),0,InChI=1S/C4H4S/c1-2-4-5-3-1/h1-4H,-1.4,thiophene,train
CCc1cccc2ccccc12,True,"((5, 'molecule has a crossed bond in a ring'),)",0,"InChI=1S/C12H12/c1-2-10-7-5-8-11-6-3-4-9-12(10)11/h3-9H,2H2,1H3",-2.4,1-ethylnaphthalene,train
CCCC(C)=O,True,(),0,"InChI=1S/C5H10O/c1-3-4-5(2)6/h3-4H2,1-2H3",-3.52,pentan-2-one,train
Clc1cc(-c2c(Cl)cc(Cl)c(Cl)c2Cl)c(Cl)c(Cl)c1Cl,True,"halogenated ring, halogenated ring",2,InChI=1S/C12H2Cl8/c13-4-2-6(15)9(17)11(19)7(4)3-1-5(14)10(18)12(20)8(3)16/h1-2H,-4.61,"1,2,3,4-tetrachloro-5-(2,3,4,6-tetrachlorophenyl)benzene",train
CCCN(CC1CC1)c1c([N+](=O)[O-])cc(C(F)(F)F)cc1[N+](=O)[O-],True,"nitro group, Oxygen-nitrogen single bond",2,"InChI=1S/C14H16F3N3O4/c1-2-5-18(8-9-3-4-9)13-11(19(21)22)6-10(14(15,16)17)7-12(13)20(23)24/h6-7,9H,2-5,8H2,1H3",-2.45,profluralin,train
CC(=O)O,True,(),0,"InChI=1S/C2H4O2/c1-2(3)4/h1H3,(H,3,4)",-6.69,acetic acid,train
CC=O,True,aldehyde,1,"InChI=1S/C2H4O/c1-2-3/h2H,1H3",-3.5,acetaldehyde,train
Nc1cccc([N+](=O)[O-])c1,True,"aniline, nitro group, Oxygen-nitrogen single bond",3,"InChI=1S/C6H6N2O2/c7-5-2-1-3-6(4-5)8(9)10/h1-4H,7H2",-8.84,3-nitroaniline,train
C#CCCCC,True,"Aliphatic long chain, triple bond",2,"InChI=1S/C6H10/c1-3-5-6-4-2/h1H,4-6H2,2H3",0.29,hex-1-yne,train
COc1ccccc1N,True,aniline,1,"InChI=1S/C7H9NO/c1-9-7-5-3-2-4-6(7)8/h2-5H,8H2,1H3",-6.12,2-methoxyaniline,train
CCC#N,True,(),0,"InChI=1S/C3H5N/c1-2-3-4/h2H2,1H3",-3.84,propanenitrile,train
CCCCOC(C)=O,True,Aliphatic long chain,1,"InChI=1S/C6H12O2/c1-3-4-5-8-6(2)7/h3-5H2,1-2H3",-2.64,butyl acetate,train
CNC(=O)O/N=C\C(C)(C)SC,True,"imine, oxime, Oxygen-nitrogen single bond",3,"InChI=1S/C7H14N2O2S/c1-7(2,12-4)5-9-11-6(10)8-3/h5H,1-4H3,(H,8,10)/b9-5-",-9.84,aldicarb,train
Cc1ccccc1O,True,(),0,"InChI=1S/C7H8O/c1-6-4-2-3-5-7(6)8/h2-5,8H,1H3",-5.9,o-cresol,train
CC(C)C=O,True,aldehyde,1,"InChI=1S/C4H8O/c1-4(2)3-5/h3-4H,1-2H3",-2.86,2-methylpropanal,train
CC(C)Cl,True,alkyl halide,1,"InChI=1S/C3H7Cl/c1-3(2)4/h3H,1-2H3",-0.25,2-chloropropane,train
ClCCCCl,True,alkyl halide,1,InChI=1S/C3H6Cl2/c4-2-1-3-5/h1-3H2,-1.89,"1,3-dichloropropane",train
O=[N+]([O-])c1ccc(O)cc1,True,"nitro group, Oxygen-nitrogen single bond",2,"InChI=1S/C6H5NO3/c8-6-3-1-5(2-4-6)7(9)10/h1-4,8H",-10.64,4-nitrophenol,train
C[C@H](Cl)CCl,True,alkyl halide,1,"InChI=1S/C3H6Cl2/c1-3(5)2-4/h3H,2H2,1H3/t3-/m0/s1",-1.27,"1,2-dichloropropane",train
Nc1ccc(Cl)cc1,True,aniline,1,"InChI=1S/C6H6ClN/c7-5-1-3-6(8)4-2-5/h1-4H,8H2",-5.9,4-chloroaniline,train
Nc1cccc2c1C(=O)c1ccccc1C2=O,True,aniline,1,"InChI=1S/C14H9NO2/c15-11-7-3-6-10-12(11)14(17)9-5-2-1-4-8(9)13(10)16/h1-7H,15H2",-9.44,"1-amino-9,10-anthracenedione",train
N#Cc1ccncc1,True,(),0,InChI=1S/C6H4N2/c7-5-6-1-3-8-4-2-6/h1-4H,-6.02,pyridine-4-carbonitrile,train
CCOP(=S)(OCC)SCSCC,True,"Aliphatic long chain, het-C-het not in ring, phosphor",3,"InChI=1S/C7H17O2PS3/c1-4-8-10(11,9-5-2)13-7-12-6-3/h4-7H2,1-3H3",-4.37,diethoxy-(ethylsulfanylmethylsulfanyl)-thioxo-$l^{5}-phosphane,train
CC(=O)C1CCCCC1,True,(),0,"InChI=1S/C8H14O/c1-7(9)8-5-3-2-4-6-8/h8H,2-6H2,1H3",-3.9,1-cyclohexylethanone,train
CC(=O)c1ccncc1,True,(),0,"InChI=1S/C7H7NO/c1-6(9)7-2-4-8-5-3-7/h2-5H,1H3",-7.62,1-(4-pyridyl)ethanone,train
CC(C)=O,True,(),0,InChI=1S/C3H6O/c1-3(2)4/h1-2H3,-3.8,acetone,train
C=C(C)C,True,isolated alkene,1,"InChI=1S/C4H8/c1-4(2)3/h1H2,2-3H3",1.16,2-methylprop-1-ene,train
CCCCC[N+](=O)[O-],True,"Aliphatic long chain, nitro group, Oxygen-nitrogen single bond",3,"InChI=1S/C5H11NO2/c1-2-3-4-5-6(7)8/h2-5H2,1H3",-2.82,1-nitropentane,train
CCC/C=C/C=O,True,"aldehyde, Michael acceptor",2,"InChI=1S/C6H10O/c1-2-3-4-5-6-7/h4-6H,2-3H2,1H3/b5-4+",-3.68,(2E)-hex-2-enal,train
CN(C)C(=O)c1ccc([N+](=O)[O-])cc1,True,"nitro group, Oxygen-nitrogen single bond",2,"InChI=1S/C9H10N2O3/c1-10(2)9(12)7-3-5-8(6-4-7)11(13)14/h3-6H,1-2H3",-11.95,"N,N-dimethyl-4-nitro-benzamide",train
CCCCCCCC,True,Aliphatic long chain,1,"InChI=1S/C8H18/c1-3-5-7-8-6-4-2/h3-8H2,1-2H3",2.88,octane,train
CCCN(CCC)c1c([N+](=O)[O-])cc(C(F)(F)F)cc1[N+](=O)[O-],True,"nitro group, Oxygen-nitrogen single bond",2,"InChI=1S/C13H16F3N3O4/c1-3-5-17(6-4-2)12-10(18(20)21)7-9(13(14,15)16)8-11(12)19(22)23/h7-8H,3-6H2,1-2H3",-3.25,trifluralin,train
C[C@@H](CCO[N+](=O)[O-])O[N+](=O)[O-],True,"nitro group, Oxygen-nitrogen single bond",2,"InChI=1S/C4H8N2O6/c1-4(12-6(9)10)2-3-11-5(7)8/h4H,2-3H2,1H3/t4-/m0/s1",-4.29,"1,3-bis-(nitrooxy)butane",train
CC(C)OC(C)C,True,(),0,"InChI=1S/C6H14O/c1-5(2)7-6(3)4/h5-6H,1-4H3",-0.53,2-isopropoxypropane,train
CCCCC(C)C,True,(),0,"InChI=1S/C7H16/c1-4-5-6-7(2)3/h7H,4-6H2,1-3H3",2.93,2-methylhexane,train
O=[N+]([O-])c1c(Cl)c(Cl)c(Cl)c(Cl)c1Cl,True,"halogenated ring, halogenated ring, nitro group, Oxygen-nitrogen single bond",4,InChI=1S/C6Cl5NO2/c7-1-2(8)4(10)6(12(13)14)5(11)3(1)9,-5.22,pentachloronitrobenzene,train
FC(F)(F)[C@H](Cl)Br,True,alkyl halide,1,"InChI=1S/C2HBrClF3/c3-1(4)2(5,6)7/h1H/t1-/m0/s1",-0.11,"2-bromo-2-chloro-1,1,1-trifluoro-ethane",train
CCCCOCCCC,True,Aliphatic long chain,1,"InChI=1S/C8H18O/c1-3-5-7-9-8-6-4-2/h3-8H2,1-2H3",-0.83,1-butoxybutane,train
CCCCCC1CCCC1,True,Aliphatic long chain,1,"InChI=1S/C10H20/c1-2-3-4-7-10-8-5-6-9-10/h10H,2-9H2,1H3",2.55,pentylcyclopentane,train
Cc1ccc(C)nc1,True,(),0,"InChI=1S/C7H9N/c1-6-3-4-7(2)8-5-6/h3-5H,1-2H3",-4.72,"2,5-dimethylpyridine",train
C/C=C/C=O,True,"aldehyde, Michael acceptor",2,"InChI=1S/C4H6O/c1-2-3-4-5/h2-4H,1H3/b3-2+",-4.22,but-2-enal,train
CCC[C@H](C)CC,True,(),0,"InChI=1S/C7H16/c1-4-6-7(3)5-2/h7H,4-6H2,1-3H3/t7-/m1/s1",2.71,3-methylhexane,train
Clc1cc(Cl)c(-c2c(Cl)cccc2Cl)c(Cl)c1,True,(),0,InChI=1S/C12H5Cl5/c13-6-4-9(16)12(10(17)5-6)11-7(14)2-1-3-8(11)15/h1-5H,-1.96,"1,3,5-trichloro-2-(2,6-dichlorophenyl)benzene",train
FC(F)[C@@H](F)Oc1ccccc1,True,(),0,"InChI=1S/C8H7F3O/c9-7(10)8(11)12-6-4-2-1-3-5-6/h1-5,7-8H/t8-/m0/s1",-1.29,"1,2,2-trifluoroethoxybenzene",train
CC[C@H](C)c1ccccc1,True,(),0,"InChI=1S/C10H14/c1-3-9(2)10-7-5-4-6-8-10/h4-9H,3H2,1-2H3/t9-/m0/s1",-0.45,sec-butylbenzene,train
OCCCc1ccccc1,True,(),0,"InChI=1S/C9H12O/c10-8-4-7-9-5-2-1-3-6-9/h1-3,5-6,10H,4,7-8H2",-6.92,3-phenylpropan-1-ol,train
COC(=O)c1ccc(OC)cc1,True,(),0,"InChI=1S/C9H10O3/c1-11-8-5-3-7(4-6-8)9(10)12-2/h3-6H,1-2H3",-5.33,methyl 4-methoxybenzoate,train
COc1ccc2cc(C(C)C(=O)O)ccc2c1,True,"((5, 'molecule has a crossed bond in a ring'), (2, 'InChI: Omitted undefined stereo'))",0,"InChI=1S/C14H14O3/c1-9(14(15)16)10-3-4-12-8-13(17-2)6-5-11(12)7-10/h3-9H,1-2H3,(H,15,16)/t9-/m0/s1",-10.21,naproxen,train
FC1(F)C(F)(F)C(F)(F)C1(F)F,True,perfluorinated chain,1,"InChI=1S/C4F8/c5-1(6)2(7,8)4(11,12)3(1,9)10",3.43,octafluorocyclobutane,train
CC(=O)OCCC(C)C,True,(),0,"InChI=1S/C7H14O2/c1-6(2)4-5-9-7(3)8/h6H,4-5H2,1-3H3",-2.21,isopentyl acetate,train
CCCCCCCl,True,"Aliphatic long chain, alkyl halide",2,"InChI=1S/C6H13Cl/c1-2-3-4-5-6-7/h2-6H2,1H3",0.0,1-chlorohexane,train
CC(=O)CC(C)C,True,(),0,"InChI=1S/C6H12O/c1-5(2)4-6(3)7/h5H,4H2,1-3H3",-3.05,4-methylpentan-2-one,train
CCCCCC=O,True,"aldehyde, Aliphatic long chain",2,"InChI=1S/C6H12O/c1-2-3-4-5-6-7/h6H,2-5H2,1H3",-2.81,hexanal,train
Nc1cccc(Cl)c1,True,aniline,1,"InChI=1S/C6H6ClN/c7-5-2-1-3-6(8)4-5/h1-4H,8H2",-5.82,3-chloroaniline,train
C1COCCN1,True,(),0,"InChI=1S/C4H9NO/c1-3-6-4-2-5-1/h5H,1-4H2",-7.17,morpholine,train
CCOC(C)OCC,True,het-C-het not in ring,1,"InChI=1S/C6H14O2/c1-4-7-6(3)8-5-2/h6H,4-5H2,1-3H3",-3.28,"1,1-diethoxyethane",train
CCCCN(CC)c1c([N+](=O)[O-])cc(C(F)(F)F)cc1[N+](=O)[O-],True,"nitro group, Oxygen-nitrogen single bond",2,"InChI=1S/C13H16F3N3O4/c1-3-5-6-17(4-2)12-10(18(20)21)7-9(13(14,15)16)8-11(12)19(22)23/h7-8H,3-6H2,1-2H3",-3.51,"N-butyl-N-ethyl-2,6-dinitro-4-(trifluoromethyl)aniline",train
CS,True,thiol,1,"InChI=1S/CH4S/c1-2/h2H,1H3",-1.2,methanethiol,train
O=S1OC[C@@H]2[C@H](CO1)[C@]1(Cl)C(Cl)=C(Cl)[C@@]2(Cl)C1(Cl)Cl,True,alkyl halide,1,"InChI=1S/C9H6Cl6O3S/c10-5-6(11)8(13)4-2-18-19(16)17-1-3(4)7(5,12)9(8,14)15/h3-4H,1-2H2/t3-,4+,7-,8+,19?",-4.23,endosulfan alpha,train
COc1ccc(C(C)=O)cc1,True,(),0,"InChI=1S/C9H10O2/c1-7(10)8-3-5-9(11-2)6-4-8/h3-6H,1-2H3",-4.4,1-(4-methoxyphenyl)ethanone,train
C=CCO,True,isolated alkene,1,"InChI=1S/C3H6O/c1-2-3-4/h2,4H,1,3H2",-5.03,prop-2-en-1-ol,train
CCCCCOC(C)=O,True,Aliphatic long chain,1,"InChI=1S/C7H14O2/c1-3-4-5-6-9-7(2)8/h3-6H2,1-2H3",-2.51,pentyl acetate,train
Clc1cc(Cl)c(Cl)c(Cl)c1,True,"halogenated ring, halogenated ring",2,InChI=1S/C6H2Cl4/c7-3-1-4(8)6(10)5(9)2-3/h1-2H,-1.62,"1,2,3,5-tetrachlorobenzene",train
CC(=O)c1ccccc1,True,(),0,"InChI=1S/C8H8O/c1-7(9)8-5-3-2-4-6-8/h2-6H,1H3",-4.58,1-phenylethanone,train
CCCl,True,alkyl halide,1,"InChI=1S/C2H5Cl/c1-2-3/h2H2,1H3",-0.63,chloroethane,train
CCCC1CCCC1,True,(),0,"InChI=1S/C8H16/c1-2-5-8-6-3-4-7-8/h8H,2-7H2,1H3",2.13,propylcyclopentane,train
Clc1cc(Cl)cc(Cl)c1,True,(),0,InChI=1S/C6H3Cl3/c7-4-1-5(8)3-6(9)2-4/h1-3H,-0.78,"1,3,5-trichlorobenzene",train
Oc1cccc(Cl)c1,True,(),0,"InChI=1S/C6H5ClO/c7-5-2-1-3-6(8)4-5/h1-4,8H",-6.62,3-chlorophenol,train
CCCCCN,True,Aliphatic long chain,1,"InChI=1S/C5H13N/c1-2-3-4-5-6/h2-6H2,1H3",-4.09,pentan-1-amine,train
Cc1[nH]c(=O)n(C(C)(C)C)c(=O)c1Cl,True,(),0,"InChI=1S/C9H13ClN2O2/c1-5-6(10)7(13)12(8(14)11-5)9(2,3)4/h1-4H3,(H,11,14)",-11.14,terbacil,train
CC(C)CCC(C)(C)C,True,(),0,"InChI=1S/C9H20/c1-8(2)6-7-9(3,4)5/h8H,6-7H2,1-5H3",2.93,"2,2,5-trimethylhexane",train
CCCCOCCO,True,Aliphatic long chain,1,"InChI=1S/C6H14O2/c1-2-3-5-8-6-4-7/h7H,2-6H2,1H3",-6.25,2-butoxyethanol,train
CC(C)[N+](=O)[O-],True,"nitro group, Oxygen-nitrogen single bond",2,"InChI=1S/C3H7NO2/c1-3(2)4(5)6/h3H,1-2H3",-3.13,2-nitropropane,train
OCC(O)CO,True,(),0,"InChI=1S/C3H8O3/c4-1-3(6)2-5/h3-6H,1-2H2",-13.43,glycerol,train
CCCI,True,"alkyl halide, iodine",2,"InChI=1S/C3H7I/c1-2-3-4/h2-3H2,1H3",-0.53,1-iodopropane,train
COCCN,True,(),0,"InChI=1S/C3H9NO/c1-5-3-2-4/h2-4H2,1H3",-6.55,2-methoxyethanamine,train
ClCC(Cl)(Cl)Cl,True,alkyl halide,1,"InChI=1S/C2H2Cl4/c3-1-2(4,5)6/h1H2",-1.43,"1,1,1,2-tetrachloroethane",train
CCC(=O)OC,True,(),0,"InChI=1S/C4H8O2/c1-3-4(5)6-2/h3H2,1-2H3",-2.93,methyl propanoate,train
C1CCCC1,True,(),0,InChI=1S/C5H10/c1-2-4-5-3-1/h1-5H2,1.2,cyclopentane,train
CCc1cccnc1,True,(),0,"InChI=1S/C7H9N/c1-2-7-4-3-5-8-6-7/h3-6H,2H2,1H3",-4.59,3-ethylpyridine,train
Cc1cncc(C)c1,True,(),0,"InChI=1S/C7H9N/c1-6-3-7(2)5-8-4-6/h3-5H,1-2H3",-4.84,"3,5-dimethylpyridine",train
COC=O,True,aldehyde,1,"InChI=1S/C2H4O2/c1-4-2-3/h2H,1H3",-2.78,methyl formate,train
Nc1ccc2ccccc2c1,True,aniline,1,"InChI=1S/C10H9N/c11-10-6-5-8-3-1-2-4-9(8)7-10/h1-7H,11H2",-7.47,naphthalen-2-amine,train
Cc1c[nH]cn1,True,(),0,"InChI=1S/C4H6N2/c1-4-2-5-3-6-4/h2-3H,1H3,(H,5,6)",-10.27,4-methyl-1H-imidazole,train
ClCCCCCl,True,"Aliphatic long chain, alkyl halide",2,InChI=1S/C4H8Cl2/c5-3-1-2-4-6/h1-4H2,-2.32,"1,4-dichlorobutane",train
CC(=O)CO[N+](=O)[O-],True,"nitro group, Oxygen-nitrogen single bond",2,"InChI=1S/C3H5NO4/c1-3(5)2-8-4(6)7/h2H2,1H3",-5.99,nitroxyacetone,train
CC(C)(C)c1ccccc1,True,(),0,"InChI=1S/C10H14/c1-10(2,3)9-7-5-4-6-8-9/h4-8H,1-3H3",-0.44,tert-butylbenzene,train
CCCCCC(=O)OC,True,Aliphatic long chain,1,"InChI=1S/C7H14O2/c1-3-4-5-6-7(8)9-2/h3-6H2,1-2H3",-2.49,methyl hexanoate,train
C[C@H](O)C(F)(F)F,True,(),0,"InChI=1S/C3H5F3O/c1-2(7)3(4,5)6/h2,7H,1H3/t2-/m0/s1",-4.16,"1,1,1-trifluoropropan-2-ol",train
CCCCCBr,True,"Aliphatic long chain, alkyl halide",2,"InChI=1S/C5H11Br/c1-2-3-4-5-6/h2-5H2,1H3",-0.1,1-bromo-pentane,train
C=CCCCCCC,True,"Aliphatic long chain, isolated alkene",2,"InChI=1S/C8H16/c1-3-5-7-8-6-4-2/h3H,1,4-8H2,2H3",1.92,oct-1-ene,train
CC1=CC(=O)C(C(C)C)CC1,True,"((2, 'InChI: Omitted undefined stereo'),)",0,"InChI=1S/C10H16O/c1-7(2)9-5-4-8(3)6-10(9)11/h6-7,9H,4-5H2,1-3H3/t9-/m0/s1",-4.51,6-isopropyl-3-methyl-1-cyclohex-2-enone,train
CC(C)O,True,(),0,"InChI=1S/C3H8O/c1-3(2)4/h3-4H,1-2H3",-4.74,propan-2-ol,train
O=[N+]([O-])OCCCO[N+](=O)[O-],True,"Aliphatic long chain, nitro group, Oxygen-nitrogen single bond",3,InChI=1S/C3H6N2O6/c6-4(7)10-2-1-3-11-5(8)9/h1-3H2,-4.8,3-nitrooxypropyl nitrate,train
Cc1ccc(O)c(C)c1,True,(),0,"InChI=1S/C8H10O/c1-6-3-4-8(9)7(2)5-6/h3-5,9H,1-2H3",-6.01,"2,4-dimethylphenol",train
CCCCCO,True,Aliphatic long chain,1,"InChI=1S/C5H12O/c1-2-3-4-5-6/h6H,2-5H2,1H3",-4.57,pentan-1-ol,train
CCC[C@@H](C)O,True,(),0,"InChI=1S/C5H12O/c1-3-4-5(2)6/h5-6H,3-4H2,1-2H3/t5-/m1/s1",-4.39,pentan-2-ol,train
CCCC[C@@H](C)CC,True,(),0,"InChI=1S/C8H18/c1-4-6-7-8(3)5-2/h8H,4-7H2,1-3H3/t8-/m0/s1",2.97,3-methylheptane,train
CC(C)Cc1ccc(C(C)C(=O)O)cc1,True,"((2, 'InChI: Omitted undefined stereo'),)",0,"InChI=1S/C13H18O2/c1-9(2)8-11-4-6-12(7-5-11)10(3)13(14)15/h4-7,9-10H,8H2,1-3H3,(H,14,15)/t10-/m0/s1",-7.0,ibuprofen,train
Cc1ccc(O)cc1C,True,(),0,"InChI=1S/C8H10O/c1-6-3-4-8(9)5-7(6)2/h3-5,9H,1-2H3",-6.5,"3,4-dimethylphenol",train
Cc1cc(O)ccc1Cl,True,(),0,"InChI=1S/C7H7ClO/c1-5-4-6(9)2-3-7(5)8/h2-4,9H,1H3",-6.79,4-chloro-3-methyl-phenol,train
C/C=C/CCCC,True,"Aliphatic long chain, isolated alkene",2,"InChI=1S/C7H14/c1-3-5-7-6-4-2/h3,5H,4,6-7H2,1-2H3/b5-3+",1.68,hept-2-ene,train
CCCOCCC,True,Aliphatic long chain,1,"InChI=1S/C6H14O/c1-3-5-7-6-4-2/h3-6H2,1-2H3",-1.16,1-propoxypropane,train
CC(C)[C@@H]1CC[C@@H](C)C[C@H]1O,True,(),0,"InChI=1S/C10H20O/c1-7(2)9-5-4-8(3)6-10(9)11/h7-11H,4-6H2,1-3H3/t8-,9+,10-/m1/s1",-3.2,"(1R,2S,5R)-2-isopropyl-5-methylcyclohexanol",train
CC(C)CC(C)(C)C,True,(),0,"InChI=1S/C8H18/c1-7(2)6-8(3,4)5/h7H,6H2,1-5H3",2.89,"2,2,4-trimethylpentane",train
CCCCC(=O)CCCC,True,(),0,"InChI=1S/C9H18O/c1-3-5-7-9(10)8-6-4-2/h3-8H2,1-2H3",-2.64,nonan-5-one,train
CCCCN(CC)C(=O)SCCC,True,thioester,1,"InChI=1S/C10H21NOS/c1-4-7-8-11(6-3)10(12)13-9-5-2/h4-9H2,1-3H3",-3.64,pebulate,train
C=CCCCCC,True,"Aliphatic long chain, isolated alkene",2,"InChI=1S/C7H14/c1-3-5-7-6-4-2/h3H,1,4-7H2,2H3",1.66,hept-1-ene,train
CC(C)OC=O,True,aldehyde,1,"InChI=1S/C4H8O2/c1-4(2)6-3-5/h3-4H,1-2H3",-2.02,isopropyl formate,train
O=c1[nH]cc(Cl)c(=O)[nH]1,True,(),0,"InChI=1S/C4H3ClN2O2/c5-2-1-6-4(9)7-3(2)8/h1H,(H2,6,7,8,9)",-17.74,5-chlorouracil,train
C=C(C)c1ccccc1,True,(),0,"InChI=1S/C9H10/c1-8(2)9-6-4-3-5-7-9/h3-7H,1H2,2H3",-1.24,isopropenylbenzene,train
CCC(C)C,True,(),0,"InChI=1S/C5H12/c1-4-5(2)3/h5H,4H2,1-3H3",2.38,isopentane,train
Brc1ccccc1,True,(),0,InChI=1S/C6H5Br/c7-6-4-2-1-3-5-6/h1-5H,-1.46,bromobenzene,train
CC(Cl)(Cl)Cl,True,alkyl halide,1,"InChI=1S/C2H3Cl3/c1-2(3,4)5/h1H3",-0.19,"1,1,1-trichloroethane",train
CCCCCCCI,True,"Aliphatic long chain, alkyl halide, iodine",3,"InChI=1S/C7H15I/c1-2-3-4-5-6-7-8/h2-7H2,1H3",0.27,1-iodoheptane,train
c1cc2ccc3cccc4ccc(c1)c2c34,True,Polycyclic aromatic hydrocarbon,1,InChI=1S/C16H10/c1-3-11-7-9-13-5-2-6-14-10-8-12(4-1)15(11)16(13)14/h1-10H,-4.52,pyrene,train
CCCCCCl,True,"Aliphatic long chain, alkyl halide",2,"InChI=1S/C5H11Cl/c1-2-3-4-5-6/h2-5H2,1H3",-0.1,1-chloro-pentane,train
CC(=O)OCC(C)C,True,(),0,"InChI=1S/C6H12O2/c1-5(2)4-8-6(3)7/h5H,4H2,1-3H3",-2.36,isobutyl acetate,train
Nc1ccc([N+](=O)[O-])cc1,True,"aniline, nitro group, Oxygen-nitrogen single bond",3,"InChI=1S/C6H6N2O2/c7-5-1-3-6(4-2-5)8(9)10/h1-4H,7H2",-9.82,4-nitroaniline,train
COC(=O)CC#N,True,(),0,"InChI=1S/C4H5NO2/c1-7-4(6)2-3-5/h2H2,1H3",-6.72,methyl 2-cyanoacetate,train
CC(C)Cc1ccccc1,True,(),0,"InChI=1S/C10H14/c1-9(2)8-10-6-4-3-5-7-10/h3-7,9H,8H2,1-2H3",0.16,isobutylbenzene,train
CN,True,(),0,"InChI=1S/CH5N/c1-2/h2H2,1H3",-4.55,methanamine,train
Nc1ccc2c(c1)C(=O)c1ccccc1C2=O,True,aniline,1,"InChI=1S/C14H9NO2/c15-8-5-6-11-12(7-8)14(17)10-4-2-1-3-9(10)13(11)16/h1-7H,15H2",-11.53,"2-amino-9,10-anthraquinone",train
Cl/C=C\Cl,True,(),0,InChI=1S/C2H2Cl2/c3-1-2-4/h1-2H/b2-1-,-1.17,"(Z)-1,2-dichloroethylene",train
CCCCC(C)=O,True,(),0,"InChI=1S/C6H12O/c1-3-4-5-6(2)7/h3-5H2,1-2H3",-3.28,hexan-2-one,train
O=[N+]([O-])OCCO[N+](=O)[O-],True,"Aliphatic long chain, nitro group, Oxygen-nitrogen single bond",3,InChI=1S/C2H4N2O6/c5-3(6)9-1-2-10-4(7)8/h1-2H2,-5.73,"1,2-dinitroxyethane",train
Oc1ccccc1F,True,(),0,"InChI=1S/C6H5FO/c7-5-3-1-2-4-6(5)8/h1-4,8H",-5.29,2-fluorophenol,train
C=Cc1ccccc1,True,(),0,"InChI=1S/C8H8/c1-2-8-6-4-3-5-7-8/h2-7H,1H2",-1.24,styrene,train
CCOP(=O)(OCC)OCC,True,phosphor,1,"InChI=1S/C6H15O4P/c1-4-8-11(7,9-5-2)10-6-3/h4-6H2,1-3H3",-7.5,triethylphosphate,train
OCC(F)(F)F,True,(),0,"InChI=1S/C2H3F3O/c3-2(4,5)1-6/h6H,1H2",-4.31,"2,2,2-trifluoroethanol",train
CCCCOC[C@H](C)O,True,Aliphatic long chain,1,"InChI=1S/C7H16O2/c1-3-4-5-9-6-7(2)8/h7-8H,3-6H2,1-2H3/t7-/m0/s1",-5.73,1-butoxy-2-propanol,train
CCCO,True,(),0,"InChI=1S/C3H8O/c1-2-3-4/h4H,2-3H2,1H3",-4.85,propan-1-ol,train
Cc1ccccc1C,True,(),0,"InChI=1S/C8H10/c1-7-5-3-4-6-8(7)2/h3-6H,1-2H3",-0.9,o-xylene,train
CC(C)(C)C,True,(),0,"InChI=1S/C5H12/c1-5(2,3)4/h1-4H3",2.51,neopentane,train
C#CCCC,True,triple bond,1,"InChI=1S/C5H8/c1-3-5-4-2/h1H,4-5H2,2H3",0.01,pent-1-yne,train
CCCCI,True,"alkyl halide, iodine",2,"InChI=1S/C4H9I/c1-2-3-4-5/h2-4H2,1H3",-0.25,1-iodobutane,train
Cc1ccc(O)cc1,True,(),0,"InChI=1S/C7H8O/c1-6-2-4-7(8)5-3-6/h2-5,8H,1H3",-6.13,p-cresol,train
CC(C)I,True,"alkyl halide, iodine",2,"InChI=1S/C3H7I/c1-3(2)4/h3H,1-2H3",-0.46,2-iodopropane,train
COc1ccccc1O,True,(),0,"InChI=1S/C7H8O2/c1-9-7-5-3-2-4-6(7)8/h2-5,8H,1H3",-5.94,2-methoxyphenol,train
C1=CCCC1,True,isolated alkene,1,"InChI=1S/C5H8/c1-2-4-5-3-1/h1-2H,3-5H2",0.56,cyclopentene,train
C[C@@H](O)C(F)(F)F,True,(),0,"InChI=1S/C3H5F3O/c1-2(7)3(4,5)6/h2,7H,1H3/t2-/m1/s1",-4.2,111-trifluoropropan-2-ol,train
CCCN,True,(),0,"InChI=1S/C3H9N/c1-2-3-4/h2-4H2,1H3",-4.39,propan-1-amine,train
O=[N+]([O-])c1ccccc1O,True,"nitro group, Oxygen-nitrogen single bond",2,"InChI=1S/C6H5NO3/c8-6-4-2-1-3-5(6)7(9)10/h1-4,8H",-4.58,2-nitrophenol,train
Cc1cccc2ccccc12,True,"((5, 'molecule has a crossed bond in a ring'),)",0,"InChI=1S/C11H10/c1-9-5-4-7-10-6-2-3-8-11(9)10/h2-8H,1H3",-2.44,1-methylnaphthalene,train
Clc1c(Cl)c(Cl)c(Cl)c(Cl)c1Cl,True,"halogenated ring, halogenated ring",2,InChI=1S/C6Cl6/c7-1-2(8)4(10)6(12)5(11)3(1)9,-2.33,hexachlorobenzene,train
C#CCCCCCC,True,"Aliphatic long chain, triple bond",2,"InChI=1S/C8H14/c1-3-5-7-8-6-4-2/h1H,4-8H2,2H3",0.71,oct-1-yne,train
CCOP(=S)(OCC)Oc1cc(C)nc(C(C)C)n1,True,phosphor,1,"InChI=1S/C12H21N2O3PS/c1-6-15-18(19,16-7-2)17-11-8-10(5)13-12(14-11)9(3)4/h8-9H,6-7H2,1-5H3",-6.48,diazinon,train
CCCCCCCC(=O)OC,True,Aliphatic long chain,1,"InChI=1S/C9H18O2/c1-3-4-5-6-7-8-9(10)11-2/h3-8H2,1-2H3",-2.04,methyl octanoate,train
O=Cc1ccc(O)cc1,True,aldehyde,1,"InChI=1S/C7H6O2/c8-5-6-1-3-7(9)4-2-6/h1-5,9H",-8.83,4-hydroxybenzaldehyde,train
C1COCCO1,True,(),0,InChI=1S/C4H8O2/c1-2-6-4-3-5-1/h1-4H2,-5.06,"1,4-dioxane",train
CCc1cnccn1,True,(),0,"InChI=1S/C6H8N2/c1-2-6-5-7-3-4-8-6/h3-5H,2H2,1H3",-5.45,2-ethylpyrazine,valid
C[C@@H]1CCCC[C@@H]1C,True,(),0,"InChI=1S/C8H16/c1-7-5-3-4-6-8(7)2/h7-8H,3-6H2,1-2H3/t7-,8+",1.58,"1,2-dimethylcyclohexane",valid
Sc1ccccc1,True,thiol,1,"InChI=1S/C6H6S/c7-6-4-2-1-3-5-6/h1-5,7H",-2.55,benzenethiol,valid
c1ccc2c(c1)CCC2,True,(),0,"InChI=1S/C9H10/c1-2-5-9-7-3-6-8(9)4-1/h1-2,4-5H,3,6-7H2",-1.46,indane,valid
O=Cc1ccccc1O,True,aldehyde,1,"InChI=1S/C7H6O2/c8-5-6-3-1-2-4-7(6)9/h1-5,9H",-4.68,2-hydroxybenzaldehyde,valid
CC[C@@H](C)CO,True,(),0,"InChI=1S/C5H12O/c1-3-5(2)4-6/h5-6H,3-4H2,1-2H3/t5-/m1/s1",-4.42,2-methylbutan-1-ol,valid
NN,True,"hydrazine, Oxygen-nitrogen single bond",2,InChI=1S/H4N2/c1-2/h1-2H2,-9.3,hydrazine,valid
CCNc1nc(Cl)nc(NCC)n1,True,(),0,"InChI=1S/C7H12ClN5/c1-3-9-6-11-5(8)12-7(13-6)10-4-2/h3-4H2,1-2H3,(H2,9,10,11,12,13)",-10.22,simazine,valid
CCCCCCCCN,True,Aliphatic long chain,1,"InChI=1S/C8H19N/c1-2-3-4-5-6-7-8-9/h2-9H2,1H3",-3.65,octan-1-amine,valid
C=CC=C,True,polyene,1,"InChI=1S/C4H6/c1-3-4-2/h3-4H,1-2H2",0.56,butadiene,valid
c1ccc2c(c1)Cc1ccccc1C2,True,(),0,"InChI=1S/C14H12/c1-2-6-12-10-14-8-4-3-7-13(14)9-11(12)5-1/h1-8H,9-10H2",-3.78,"9,10-dihydroanthracene",valid
CC(C)CBr,True,alkyl halide,1,"InChI=1S/C4H9Br/c1-4(2)3-5/h4H,3H2,1-2H3",-0.03,1-bromo-2-methyl-propane,valid
CC(C)SC(C)C,True,(),0,"InChI=1S/C6H14S/c1-5(2)7-6(3)4/h5-6H,1-4H3",-1.21,2-isopropylsulfanylpropane,valid
CCCCCCC,True,Aliphatic long chain,1,"InChI=1S/C7H16/c1-3-5-7-6-4-2/h3-7H2,1-2H3",2.67,heptane,valid
COC(OC)(OC)c1ccccc1,True,het-C-het not in ring,1,"InChI=1S/C10H14O3/c1-11-10(12-2,13-3)9-7-5-4-6-8-9/h4-8H,1-3H3",-4.04,trimethoxymethylbenzene,valid
C1CCOCC1,True,(),0,InChI=1S/C5H10O/c1-2-4-6-5-3-1/h1-5H2,-3.12,tetrahydropyran,valid
C1CC1,True,(),0,InChI=1S/C3H6/c1-2-3-1/h1-3H2,0.75,cyclopropane,valid
Clc1cc(-c2cc(Cl)c(Cl)c(Cl)c2Cl)cc(Cl)c1Cl,True,"halogenated ring, halogenated ring",2,InChI=1S/C12H3Cl7/c13-6-1-4(2-7(14)10(6)17)5-3-8(15)11(18)12(19)9(5)16/h1-3H,-3.17,"1,2,3,4-tetrachloro-5-(3,4,5-trichlorophenyl)benzene",valid
C=C(C)C(=C)C,True,polyene,1,"InChI=1S/C6H10/c1-5(2)6(3)4/h1,3H2,2,4H3",0.4,"2,3-dimethylbuta-1,3-diene",valid
CCCCOC(=O)c1ccc(O)cc1,True,Aliphatic long chain,1,"InChI=1S/C11H14O3/c1-2-3-8-14-11(13)9-4-6-10(12)7-5-9/h4-7,12H,2-3,8H2,1H3",-8.72,butyl paraben,valid
ClC1=C(Cl)[C@]2(Cl)[C@@H]3[C@@H](Cl)C=C[C@@H]3[C@@]1(Cl)C2(Cl)Cl,True,"alkyl halide, isolated alkene",2,"InChI=1S/C10H5Cl7/c11-4-2-1-3-5(4)9(15)7(13)6(12)8(3,14)10(9,16)17/h1-5H/t3-,4-,5-,8-,9+/m0/s1",-2.55,heptachlor,valid
FC(F)(F)CCl,True,alkyl halide,1,"InChI=1S/C2H2ClF3/c3-1-2(4,5)6/h1H2",0.06,"2-chloro-1,1,1-trifluoro-ethane",valid
COC(OC)OC,True,het-C-het not in ring,1,"InChI=1S/C4H10O3/c1-5-4(6-2)7-3/h4H,1-3H3",-4.42,trimethoxymethane,valid
C=CC,True,isolated alkene,1,"InChI=1S/C3H6/c1-3-2/h3H,1H2,2H3",1.32,prop-1-ene,valid
CC(C)COC=O,True,aldehyde,1,"InChI=1S/C5H10O2/c1-5(2)3-7-4-6/h4-5H,3H2,1-2H3",-2.22,isobutyl formate,valid
CC=C(C)C,True,isolated alkene,1,"InChI=1S/C5H10/c1-4-5(2)3/h4H,1-3H3",1.31,2-methylbut-2-ene,valid
Cc1cc2ccccc2cc1C,True,"((5, 'molecule has a crossed bond in a ring'),)",0,"InChI=1S/C12H12/c1-9-7-11-5-3-4-6-12(11)8-10(9)2/h3-8H,1-2H3",-2.78,"2,3-dimethylnaphthalene",valid
Cc1cccc(C)n1,True,(),0,"InChI=1S/C7H9N/c1-6-4-3-5-7(2)8-6/h3-5H,1-2H3",-4.59,"2,6-dimethylpyridine",valid
CCCCCCCCCC(C)=O,True,Aliphatic long chain,1,"InChI=1S/C11H22O/c1-3-4-5-6-7-8-9-10-11(2)12/h3-10H2,1-2H3",-2.15,undecan-2-one,valid
CCI,True,"alkyl halide, iodine",2,"InChI=1S/C2H5I/c1-2-3/h2H2,1H3",-0.74,iodoethane,valid
CC(C)Br,True,alkyl halide,1,"InChI=1S/C3H7Br/c1-3(2)4/h3H,1-2H3",-0.48,2-bromopropane,valid
N#Cc1ccc(O)cc1,True,(),0,"InChI=1S/C7H5NO/c8-5-6-1-3-7(9)4-2-6/h1-4,9H",-10.17,4-hydroxybenzonitrile,valid
CCCCCCCCC(C)=O,True,Aliphatic long chain,1,"InChI=1S/C10H20O/c1-3-4-5-6-7-8-9-10(2)11/h3-9H2,1-2H3",-2.34,decan-2-one,valid
CO,True,(),0,"InChI=1S/CH4O/c1-2/h2H,1H3",-5.1,methanol,valid
O=[N+]([O-])c1ccccc1,True,"nitro group, Oxygen-nitrogen single bond",2,InChI=1S/C6H5NO2/c8-7(9)6-4-2-1-3-5-6/h1-5H,-4.12,nitrobenzene,valid
C[S+](C)[O-],True,charged oxygen or sulfur atoms,1,InChI=1S/C2H6OS/c1-4(2)3/h1-2H3,-9.28,methylsulfinylmethane,valid
CC(N)=O,True,(),0,"InChI=1S/C2H5NO/c1-2(3)4/h1H3,(H2,3,4)",-9.71,acetamide,valid
CC[C@H](C)Cl,True,alkyl halide,1,"InChI=1S/C4H9Cl/c1-3-4(2)5/h4H,3H2,1-2H3/t4-/m0/s1",0.0,2-chlorobutane,valid
CCc1ccccc1C,True,(),0,"InChI=1S/C9H12/c1-3-9-7-5-4-6-8(9)2/h4-7H,3H2,1-2H3",-0.85,1-ethyl-2-methylbenzene,valid
C=C(C)CCC,True,isolated alkene,1,"InChI=1S/C6H12/c1-4-5-6(2)3/h2,4-5H2,1,3H3",1.47,2-methylpent-1-ene,valid
Cc1ccc(C=O)cc1,True,aldehyde,1,"InChI=1S/C8H8O/c1-7-2-4-8(6-9)5-3-7/h2-6H,1H3",-4.27,4-methylbenzaldehyde,valid
CCC(C)CC,True,(),0,"InChI=1S/C6H14/c1-4-6(3)5-2/h6H,4-5H2,1-3H3",2.51,3-methylpentane,valid
CCOC=O,True,aldehyde,1,"InChI=1S/C3H6O2/c1-2-5-3-4/h3H,2H2,1H3",-2.56,ethyl formate,valid
Clc1cc(Cl)c(Cl)cc1Cl,True,halogenated ring,1,InChI=1S/C6H2Cl4/c7-3-1-4(8)6(10)2-5(3)9/h1-2H,-1.34,"1,2,4,5-tetrachlorobenzene",valid
C=CCC,True,isolated alkene,1,"InChI=1S/C4H8/c1-3-4-2/h3H,1,4H2,2H3",1.38,but-1-ene,valid
Oc1ccccc1,True,(),0,"InChI=1S/C6H6O/c7-6-4-2-1-3-5-6/h1-5,7H",-6.6,phenol,valid
Oc1cccc2ccccc12,True,"((5, 'molecule has a crossed bond in a ring'),)",0,"InChI=1S/C10H8O/c11-10-7-3-5-8-4-1-2-6-9(8)10/h1-7,11H",-7.67,naphthalen-1-ol,valid
CCC(N)=O,True,(),0,"InChI=1S/C3H7NO/c1-2-3(4)5/h2H2,1H3,(H2,4,5)",-9.4,propionamide,valid
CCCBr,True,alkyl halide,1,"InChI=1S/C3H7Br/c1-2-3-4/h2-3H2,1H3",-0.56,1-bromopropane,valid
Cc1cccnc1C,True,(),0,"InChI=1S/C7H9N/c1-6-4-3-5-8-7(6)2/h3-5H,1-2H3",-4.82,"2,3-dimethylpyridine",valid
Clc1cc2c(cc1Cl)Oc1c(Cl)c(Cl)c(Cl)c(Cl)c1O2,True,"halogenated ring, halogenated ring",2,InChI=1S/C12H2Cl6O2/c13-3-1-5-6(2-4(3)14)20-12-10(18)8(16)7(15)9(17)11(12)19-5/h1-2H,-3.71,"1,2,3,4,7,8-hexachlorodibenzo-p-dioxin",valid
Clc1ccc(Cl)c(-c2cc(Cl)c(Cl)c(Cl)c2)c1,True,halogenated ring,1,InChI=1S/C12H5Cl5/c13-7-1-2-9(14)8(5-7)6-3-10(15)12(17)11(16)4-6/h1-5H,-3.61,"1,2,3-trichloro-5-(2,5-dichlorophenyl)benzene",valid
C1CCOC1,True,(),0,InChI=1S/C4H8O/c1-2-4-5-3-1/h1-4H2,-3.47,tetrahydrofuran,valid
C=C[C@@](C)(CCC=C(C)C)OC(C)=O,True,isolated alkene,1,"InChI=1S/C12H20O2/c1-6-12(5,14-11(4)13)9-7-8-10(2)3/h6,8H,1,7,9H2,2-5H3/t12-/m0/s1",-2.49,"(3R)-3,7-Dimethylocta-1,6-dien-3-yl acetate",valid
CC[C@@H](C)c1cc([N+](=O)[O-])cc([N+](=O)[O-])c1O,True,"nitro group, Oxygen-nitrogen single bond",2,"InChI=1S/C10H12N2O5/c1-3-6(2)8-4-7(11(14)15)5-9(10(8)13)12(16)17/h4-6,13H,3H2,1-2H3/t6-/m1/s1",-6.23,"2-[(1R)-1-methylpropyl]-4,6-dinitro-phenolate",valid
CCC(=O)Nc1ccc(Cl)c(Cl)c1,True,(),0,"InChI=1S/C9H9Cl2NO/c1-2-9(13)12-6-3-4-7(10)8(11)5-6/h3-5H,2H2,1H3,(H,12,13)",-7.78,"N-(3,4-dichlorophenyl)propanimidic acid",valid
CCSC,True,(),0,"InChI=1S/C3H8S/c1-3-4-2/h3H2,1-2H3",-1.5,methylsulfanylethane,valid
CCCOC(=O)c1ccc(O)cc1,True,(),0,"InChI=1S/C10H12O3/c1-2-7-13-10(12)8-3-5-9(11)6-4-8/h3-6,11H,2,7H2,1H3",-9.37,propyl paraben,valid
CC(C)CCO,True,(),0,"InChI=1S/C5H12O/c1-5(2)3-4-6/h5-6H,3-4H2,1-2H3",-4.42,3-methylbutan-1-ol,valid
NC(=O)c1ccccc1,True,(),0,"InChI=1S/C7H7NO/c8-7(9)6-4-2-1-3-5-6/h1-5H,(H2,8,9)",-11.0,benzamide,valid
CCCCO[N+](=O)[O-],True,"Aliphatic long chain, nitro group, Oxygen-nitrogen single bond",3,"InChI=1S/C4H9NO3/c1-2-3-4-8-5(6)7/h2-4H2,1H3",-2.09,butyl nitrate,valid
Clc1cc(Cl)c(-c2ccccc2)c(Cl)c1,True,(),0,InChI=1S/C12H7Cl3/c13-9-6-10(14)12(11(15)7-9)8-4-2-1-3-5-8/h1-7H,-2.16,"1,3,5-trichloro-2-phenyl-benzene",valid
Cc1nc(N(C)C)nc(OC(=O)N(C)C)c1C,True,(),0,InChI=1S/C11H18N4O2/c1-7-8(2)12-10(14(3)4)13-9(7)17-11(16)15(5)6/h1-6H3,-9.41,pirimor,valid
O=C1NC(=O)c2ccccc21,True,phthalimide,1,"InChI=1S/C8H5NO2/c10-7-5-3-1-2-4-6(5)8(11)9-7/h1-4H,(H,9,10,11)",-9.61,phthalimide,valid
C=CC(C)C,True,isolated alkene,1,"InChI=1S/C5H10/c1-4-5(2)3/h4-5H,1H2,2-3H3",1.83,3-methylbut-1-ene,test
CCOc1ccccc1,True,(),0,"InChI=1S/C8H10O/c1-2-9-8-6-4-3-5-7-8/h3-7H,2H2,1H3",-2.22,ethoxybenzene,test
CCCCCCCCC,True,Aliphatic long chain,1,"InChI=1S/C9H20/c1-3-5-7-9-8-6-4-2/h3-9H2,1-2H3",3.13,nonane,test
C1CNC1,True,(),0,"InChI=1S/C3H7N/c1-2-4-3-1/h4H,1-3H2",-5.56,azetidine,test
CN(C)C,True,(),0,InChI=1S/C3H9N/c1-4(2)3/h1-3H3,-3.2,"N,N-dimethylmethanamine",test
CCCCCCC(C)=O,True,Aliphatic long chain,1,"InChI=1S/C8H16O/c1-3-4-5-6-7-8(2)9/h3-7H2,1-2H3",-2.88,octan-2-one,test
COC(CCl)(OC)OC,True,"alkyl halide, het-C-het not in ring",2,"InChI=1S/C5H11ClO3/c1-7-5(4-6,8-2)9-3/h4H2,1-3H3",-4.59,"2-chloro-1,1,1-trimethoxy-ethane",test
CC(C)CC(=O)O,True,(),0,"InChI=1S/C5H10O2/c1-4(2)3-5(6)7/h4H,3H2,1-2H3,(H,6,7)",-6.09,3-methylbutanoic acid,test
CCOP(=O)(OCC)O/C(=C/Cl)c1ccc(Cl)cc1Cl,True,"acyclic C=C-O, phosphor",2,"InChI=1S/C12H14Cl3O4P/c1-3-17-20(16,18-4-2)19-12(8-13)10-6-5-9(14)7-11(10)15/h5-8H,3-4H2,1-2H3/b12-8+",-7.07,"2-chloro-1-(2,4-dichlorophenyl)ethenyl diethyl phosphate",test
C=CCCC=C,True,"Aliphatic long chain, isolated alkene",2,"InChI=1S/C6H10/c1-3-5-6-4-2/h3-4H,1-2,5-6H2",1.01,"hexa-1,5-diene",test
CCCS,True,thiol,1,"InChI=1S/C3H8S/c1-2-3-4/h4H,2-3H2,1H3",-1.1,propanethiol,test
CNC(=O)Oc1cccc2c1OC(C)(C)C2,True,(),0,"InChI=1S/C12H15NO3/c1-12(2)7-8-5-4-6-9(10(8)16-12)15-11(14)13-3/h4-6H,7H2,1-3H3,(H,13,14)",-9.61,carbofuran,test
FC(F)=C(F)C(F)(F)F,True,(),0,"InChI=1S/C3F6/c4-1(2(5)6)3(7,8)9",2.93,"1,1,2,3,3,3-hexafluoroprop-1-ene",test
Cl/C=C/Cl,True,(),0,InChI=1S/C2H2Cl2/c3-1-2-4/h1-2H/b2-1+,-0.78,"(E)-1,2-dichloroethylene",test
Clc1ccc(Cl)c(-c2ccccc2)c1,True,(),0,InChI=1S/C12H8Cl2/c13-10-6-7-12(14)11(8-10)9-4-2-1-3-5-9/h1-8H,-2.46,"1,4-dichloro-2-phenyl-benzene",test
CSc1ccccc1,True,(),0,"InChI=1S/C7H8S/c1-8-7-5-3-2-4-6-7/h2-6H,1H3",-2.73,methylsulfanylbenzene,test
O=c1cc(Cl)[nH]c(=O)[nH]1,True,(),0,"InChI=1S/C4H3ClN2O2/c5-2-1-3(8)7-4(9)6-2/h1H,(H2,6,7,8,9)",-15.83,6-chlorouracil,test
CCOC(=O)CCC(=O)OCC,True,(),0,"InChI=1S/C8H14O4/c1-3-11-7(9)5-6-8(10)12-4-2/h3-6H2,1-2H3",-5.71,diethyl butanedioate,test
C=O,True,(),0,InChI=1S/CH2O/c1-2/h1H2,-2.75,formaldehyde,test
CCCCc1ccccc1,True,(),0,"InChI=1S/C10H14/c1-2-3-7-10-8-5-4-6-9-10/h4-6,8-9H,2-3,7H2,1H3",-0.4,butylbenzene,test
CNc1ccccc1,True,(),0,"InChI=1S/C7H9N/c1-8-7-5-3-2-4-6-7/h2-6,8H,1H3",-4.69,N-methylaniline,test
BrC(Br)Br,True,alkyl halide,1,InChI=1S/CHBr3/c2-1(3)4/h1H,-2.13,bromoform,test
CCCC(=O)O,True,(),0,"InChI=1S/C4H8O2/c1-2-3-4(5)6/h2-3H2,1H3,(H,5,6)",-6.35,butyric acid,test
COC(OC)(OC)C(F)(F)F,True,het-C-het not in ring,1,"InChI=1S/C5H9F3O3/c1-9-5(10-2,11-3)4(6,7)8/h1-3H3",-0.8,"1,1,1-trifluoro-2,2,2-trimethoxyethane",test
COC(=O)C(F)(F)F,True,(),0,"InChI=1S/C3H3F3O2/c1-8-2(7)3(4,5)6/h1H3",-1.1,"methyl 2,2,2-trifluoroacetate",test
Cc1cccc(C)c1O,True,(),0,"InChI=1S/C8H10O/c1-6-4-3-5-7(2)8(6)9/h3-5,9H,1-2H3",-5.26,"2,6-dimethylphenol",test
FC(F)(Cl)C(F)(Cl)Cl,True,alkyl halide,1,"InChI=1S/C2Cl3F3/c3-1(4,6)2(5,7)8",1.77,"1,1,2-trichloro-1,2,2-trifluoro-ethane",test
Clc1cccc(Cl)c1,True,(),0,InChI=1S/C6H4Cl2/c7-5-2-1-3-6(8)4-5/h1-4H,-0.98,"1,3-dichlorobenzene",test
CC(C)C(C)C(C)C,True,(),0,"InChI=1S/C8H18/c1-6(2)8(5)7(3)4/h6-8H,1-5H3",2.56,"2,3,4-trimethylpentane",test
c1ccncc1,True,(),0,InChI=1S/C5H5N/c1-2-4-6-5-3-1/h1-5H,-4.69,pyridine,test
Cc1ccc(Br)cc1,True,(),0,"InChI=1S/C7H7Br/c1-6-2-4-7(8)5-3-6/h2-5H,1H3",-1.39,1-bromo-4-methyl-benzene,test
C=CCCC,True,isolated alkene,1,"InChI=1S/C5H10/c1-3-5-4-2/h3H,1,4-5H2,2H3",1.68,pent-1-ene,test
Clc1ccc(Cl)c(Cl)c1Cl,True,"halogenated ring, halogenated ring",2,InChI=1S/C6H2Cl4/c7-3-1-2-4(8)6(10)5(3)9/h1-2H,-1.34,"1,2,3,4-tetrachlorobenzene",test
Nc1ccccc1[N+](=O)[O-],True,"aniline, nitro group, Oxygen-nitrogen single bond",3,"InChI=1S/C6H6N2O2/c7-5-3-1-2-4-6(5)8(9)10/h1-4H,7H2",-7.37,2-nitroaniline,test
CN1CCCCC1,True,(),0,"InChI=1S/C6H13N/c1-7-5-3-2-4-6-7/h2-6H2,1H3",-3.88,1-methylpiperidine,test
CCCCCCCC=O,True,"aldehyde, Aliphatic long chain",2,"InChI=1S/C8H16O/c1-2-3-4-5-6-7-8-9/h8H,2-7H2,1H3",-2.29,octanal,test
c1ccc2c(c1)Oc1ccccc1O2,True,(),0,InChI=1S/C12H8O2/c1-2-6-10-9(5-1)13-11-7-3-4-8-12(11)14-10/h1-8H,-3.15,dibenzo-p-dioxin,test
CC(C)(C)Br,True,alkyl halide,1,"InChI=1S/C4H9Br/c1-4(2,3)5/h1-3H3",0.84,2-bromo-2-methyl-propane,test
COC(=O)C1CCCCC1,True,(),0,"InChI=1S/C8H14O2/c1-10-8(9)7-5-3-2-4-6-7/h7H,2-6H2,1H3",-3.3,methyl cyclohexanecarboxylate,test
CCCCCCCBr,True,"Aliphatic long chain, alkyl halide",2,"InChI=1S/C7H15Br/c1-2-3-4-5-6-7-8/h2-7H2,1H3",0.34,1-bromoheptane,test
Nc1cccc2ccccc12,True,aniline,1,"InChI=1S/C10H9N/c11-10-7-3-5-8-4-1-2-6-9(8)10/h1-7H,11H2",-7.28,naphthalen-1-amine,test
O=C(O)c1cc(-c2ccc(F)cc2F)ccc1O,True,(),0,"InChI=1S/C13H8F2O3/c14-8-2-3-9(11(15)6-8)7-1-4-12(16)10(5-7)13(17)18/h1-6,16H,(H,17,18)",-9.4,diflunisal,test
CC(C(=O)O)c1cccc(C(=O)c2ccccc2)c1,True,"((2, 'InChI: Omitted undefined stereo'),)",0,"InChI=1S/C16H14O3/c1-11(16(18)19)13-8-5-9-14(10-13)15(17)12-6-3-2-4-7-12/h2-11H,1H3,(H,18,19)/t11-/m0/s1",-10.78,ketoprofen,test
CCCCC(=O)OC,True,(),0,"InChI=1S/C6H12O2/c1-3-4-5-6(7)8-2/h3-5H2,1-2H3",-2.56,methyl pentanoate,test
COC(=O)c1ccccc1,True,(),0,"InChI=1S/C8H8O2/c1-10-8(9)7-5-3-2-4-6-7/h2-6H,1H3",-3.92,methyl benzoate,test
CCCOC(=O)CCC,True,(),0,"InChI=1S/C7H14O2/c1-3-5-7(8)9-6-4-2/h3-6H2,1-2H3",-2.28,propyl butanoate,test
CCCOC(C)=O,True,(),0,"InChI=1S/C5H10O2/c1-3-4-7-5(2)6/h3-4H2,1-2H3",-2.79,propyl acetate,test
Cc1ccccc1C=O,True,aldehyde,1,"InChI=1S/C8H8O/c1-7-4-2-3-5-8(7)6-9/h2-6H,1H3",-3.93,2-methylbenzaldehyde,test
CC(C)CC(C)C,True,(),0,"InChI=1S/C7H16/c1-6(2)5-7(3)4/h6-7H,5H2,1-4H3",2.83,"2,4-dimethylpentane",test
COCCOC,True,Aliphatic long chain,1,"InChI=1S/C4H10O2/c1-5-3-4-6-2/h3-4H2,1-2H3",-4.84,"1,2-dimethoxyethane",test
ClC1=C(Cl)[C@]2(Cl)[C@H]3[C@H]4C[C@H]([C@@H]5O[C@H]45)[C@H]3[C@@]1(Cl)C2(Cl)Cl,True,"alkyl halide, cyclooctane, Three-membered heterocycle",3,"InChI=1S/C12H8Cl6O/c13-8-9(14)11(16)5-3-1-2(6-7(3)19-6)4(5)10(8,15)12(11,17)18/h2-7H,1H2/t2-,3+,4+,5-,6-,7+,10-,11+",-4.82,endrin,test
COCCO,True,(),0,"InChI=1S/C3H8O2/c1-5-3-2-4/h4H,2-3H2,1H3",-6.619999999999999,2-methoxyethanol,test
Cc1cccc([N+](=O)[O-])c1,True,"nitro group, Oxygen-nitrogen single bond",2,"InChI=1S/C7H7NO2/c1-6-3-2-4-7(5-6)8(9)10/h2-5H,1H3",-3.45,1-methyl-3-nitro-benzene,test
CCCCCCN,True,Aliphatic long chain,1,"InChI=1S/C6H15N/c1-2-3-4-5-6-7/h2-7H2,1H3",-3.95,hexan-1-amine,test
CCOC(=O)CC(SP(=S)(OC)OC)C(=O)OCC,True,phosphor,1,"InChI=1S/C10H19O6PS2/c1-5-15-9(11)7-8(10(12)16-6-2)19-17(18,13-3)14-4/h8H,5-7H2,1-4H3/t8-/m1/s1",-8.15,diethyl (2R)-2-dimethoxyphosphinothioylsulfanylbutanedioate,test
CCNc1nc(NC(C)(C)C)nc(SC)n1,True,(),0,"InChI=1S/C10H19N5S/c1-6-11-7-12-8(15-10(2,3)4)14-9(13-7)16-5/h6H2,1-5H3,(H2,11,12,13,14,15)",-6.68,terbutryn,test
CC(=O)OC(C)OC(C)=O,True,het-C-het not in ring,1,"InChI=1S/C6H10O4/c1-4(7)9-6(3)10-5(2)8/h6H,1-3H3",-4.97,1-acetoxyethyl acetate,test
C=C(C)[C@@H]1CC=C(C=O)CC1,True,"aldehyde, isolated alkene",2,"InChI=1S/C10H14O/c1-8(2)10-5-3-9(7-11)4-6-10/h3,7,10H,1,4-6H2,2H3/t10-/m1/s1",-4.09,4-(1-Methylethenyl)-1-cyclohexene-1-carboxaldehyde,test
Cc1ccccc1[N+](=O)[O-],True,"nitro group, Oxygen-nitrogen single bond",2,"InChI=1S/C7H7NO2/c1-6-4-2-3-5-7(6)8(9)10/h2-5H,1H3",-3.58,1-methyl-2-nitro-benzene,test
CCC(C)(C)C,True,(),0,"InChI=1S/C6H14/c1-5-6(2,3)4/h5H2,1-4H3",2.51,"2,2-dimethylbutane",test
COc1ccc(N)cc1,True,aniline,1,"InChI=1S/C7H9NO/c1-9-7-4-2-6(8)3-5-7/h2-5H,8H2,1H3",-7.48,4-methoxyaniline,test
Oc1ccccc1Cl,True,(),0,"InChI=1S/C6H5ClO/c7-5-3-1-2-4-6(5)8/h1-4,8H",-4.55,2-chlorophenol,test
CCCCC/C=C/C=O,True,"aldehyde, Aliphatic long chain, Michael acceptor",3,"InChI=1S/C8H14O/c1-2-3-4-5-6-7-8-9/h6-8H,2-5H2,1H3/b7-6+",-3.43,oct-2-enal,test
C1CCNC1,True,(),0,"InChI=1S/C4H9N/c1-2-4-5-3-1/h5H,1-4H2",-5.48,pyrrolidine,test
CCCCCCCCl,True,"Aliphatic long chain, alkyl halide",2,"InChI=1S/C7H15Cl/c1-2-3-4-5-6-7-8/h2-7H2,1H3",0.29,1-chloroheptane,test
